owner,argument,implementation_keyword_found,status
NeuralForecast.__init__,freq,True,IMPLEMENTED_OR_REFERENCED
NeuralForecast.__init__,local_scaler_type,False,MISSING_OR_UNEXPOSED
NeuralForecast.__init__,local_static_scaler_type,False,MISSING_OR_UNEXPOSED
NeuralForecast.__init__,models,True,IMPLEMENTED_OR_REFERENCED
NeuralForecast.cross_validation,data_kwargs,False,MISSING_OR_UNEXPOSED
NeuralForecast.cross_validation,df,True,IMPLEMENTED_OR_REFERENCED
NeuralForecast.cross_validation,h,True,IMPLEMENTED_OR_REFERENCED
NeuralForecast.cross_validation,id_col,False,MISSING_OR_UNEXPOSED
NeuralForecast.cross_validation,level,True,IMPLEMENTED_OR_REFERENCED
NeuralForecast.cross_validation,n_windows,False,MISSING_OR_UNEXPOSED
NeuralForecast.cross_validation,prediction_intervals,False,MISSING_OR_UNEXPOSED
NeuralForecast.cross_validation,quantiles,False,MISSING_OR_UNEXPOSED
NeuralForecast.cross_validation,refit,False,MISSING_OR_UNEXPOSED
NeuralForecast.cross_validation,static_df,False,MISSING_OR_UNEXPOSED
NeuralForecast.cross_validation,step_size,False,MISSING_OR_UNEXPOSED
NeuralForecast.cross_validation,target_col,False,MISSING_OR_UNEXPOSED
NeuralForecast.cross_validation,test_size,True,IMPLEMENTED_OR_REFERENCED
NeuralForecast.cross_validation,time_col,False,MISSING_OR_UNEXPOSED
NeuralForecast.cross_validation,use_fitted,False,MISSING_OR_UNEXPOSED
NeuralForecast.cross_validation,use_init_models,False,MISSING_OR_UNEXPOSED
NeuralForecast.cross_validation,val_size,True,IMPLEMENTED_OR_REFERENCED
NeuralForecast.cross_validation,verbose,False,MISSING_OR_UNEXPOSED
NeuralForecast.fit,df,True,IMPLEMENTED_OR_REFERENCED
NeuralForecast.fit,distributed_config,False,MISSING_OR_UNEXPOSED
NeuralForecast.fit,id_col,False,MISSING_OR_UNEXPOSED
NeuralForecast.fit,prediction_intervals,False,MISSING_OR_UNEXPOSED
NeuralForecast.fit,static_df,False,MISSING_OR_UNEXPOSED
NeuralForecast.fit,target_col,False,MISSING_OR_UNEXPOSED
NeuralForecast.fit,time_col,False,MISSING_OR_UNEXPOSED
NeuralForecast.fit,use_init_models,False,MISSING_OR_UNEXPOSED
NeuralForecast.fit,val_df,False,MISSING_OR_UNEXPOSED
NeuralForecast.fit,val_size,True,IMPLEMENTED_OR_REFERENCED
NeuralForecast.fit,verbose,False,MISSING_OR_UNEXPOSED
NeuralForecast.load,kwargs,False,MISSING_OR_UNEXPOSED
NeuralForecast.load,path,False,MISSING_OR_UNEXPOSED
NeuralForecast.load,verbose,False,MISSING_OR_UNEXPOSED
NeuralForecast.predict,data_kwargs,False,MISSING_OR_UNEXPOSED
NeuralForecast.predict,df,True,IMPLEMENTED_OR_REFERENCED
NeuralForecast.predict,engine,False,MISSING_OR_UNEXPOSED
NeuralForecast.predict,futr_df,False,MISSING_OR_UNEXPOSED
NeuralForecast.predict,h,True,IMPLEMENTED_OR_REFERENCED
NeuralForecast.predict,level,True,IMPLEMENTED_OR_REFERENCED
NeuralForecast.predict,quantiles,False,MISSING_OR_UNEXPOSED
NeuralForecast.predict,static_df,False,MISSING_OR_UNEXPOSED
NeuralForecast.predict,verbose,False,MISSING_OR_UNEXPOSED
NeuralForecast.predict_insample,level,True,IMPLEMENTED_OR_REFERENCED
NeuralForecast.predict_insample,quantiles,False,MISSING_OR_UNEXPOSED
NeuralForecast.predict_insample,step_size,False,MISSING_OR_UNEXPOSED
NeuralForecast.save,model_index,False,MISSING_OR_UNEXPOSED
NeuralForecast.save,overwrite,False,MISSING_OR_UNEXPOSED
NeuralForecast.save,path,False,MISSING_OR_UNEXPOSED
NeuralForecast.save,save_dataset,False,MISSING_OR_UNEXPOSED
