status,trial_id,model_id,family,game,target_mode,backend,protocol_hash,elapsed_seconds,error,hit_at_1,mae,mse,exact,set_overlap,jaccard,brier,log_loss
BLOCKED,pp-bart-categorical__mini__pymc_bart__pymc-nuts__s1,pp-bart-categorical,tree_bayesian,mini,select_candidate_inclusion,pymc_bart,,,,,,,,,,,
BLOCKED,pp-bayesian-beta-calibration__mini__pymc__pymc-nuts__s1,pp-bayesian-beta-calibration,calibration,mini,calibration,pymc,,,,,,,,,,,
BLOCKED,pp-bayesian-dirichlet-calibration__mini__pymc__pymc-nuts__s1,pp-bayesian-dirichlet-calibration,calibration,mini,calibration,pymc,,,,,,,,,,,
BLOCKED,pp-bayesian-embedding-categorical__mini__pyro__pyro-svi-autonormal__s1,pp-bayesian-embedding-categorical,deep_probabilistic,mini,select_position_categorical,pyro,,,,,,,,,,,
BLOCKED,pp-bayesian-gam-categorical__mini__pymc__pymc-nuts__s1,pp-bayesian-gam-categorical,semi_parametric,mini,select_position_categorical,pymc,,,,,,,,,,,
BLOCKED,pp-bayesian-gru__mini__pyro__pyro-svi-autonormal__s1,pp-bayesian-gru,deep_probabilistic,mini,select_position_categorical,pyro,,,,,,,,,,,
BLOCKED,pp-bayesian-kernel-mixture__mini__pymc__pymc-smc__s1,pp-bayesian-kernel-mixture,nonparametric,mini,select_position_ordinal,pymc,,,,,,,,,,,
BLOCKED,pp-bayesian-lstm__mini__pyro__pyro-svi-autonormal__s1,pp-bayesian-lstm,deep_probabilistic,mini,select_position_categorical,pyro,,,,,,,,,,,
BLOCKED,pp-bayesian-mlp__mini__pyro__pyro-svi-autonormal__s1,pp-bayesian-mlp,deep_probabilistic,mini,select_position_categorical,pyro,,,,,,,,,,,
BLOCKED,pp-bayesian-model-averaging__mini__pymc__pymc-nuts__s1,pp-bayesian-model-averaging,ensemble,mini,ensemble,pymc,,,,,,,,,,,
BLOCKED,pp-bayesian-neural-ordinal__mini__pyro__pyro-svi-autonormal__s1,pp-bayesian-neural-ordinal,deep_probabilistic,mini,select_position_ordinal,pyro,,,,,,,,,,,
BLOCKED,pp-bayesian-spline-categorical__mini__pymc__pymc-nuts__s1,pp-bayesian-spline-categorical,semi_parametric,mini,select_position_categorical,pymc,,,,,,,,,,,
BLOCKED,pp-bayesian-tcn__mini__pyro__pyro-svi-autonormal__s1,pp-bayesian-tcn,deep_probabilistic,mini,select_position_categorical,pyro,,,,,,,,,,,
BLOCKED,pp-bayesian-temperature-calibration__mini__pymc__pymc-nuts__s1,pp-bayesian-temperature-calibration,calibration,mini,calibration,pymc,,,,,,,,,,,
BLOCKED,pp-bayesian-transformer__mini__pyro__pyro-svi-autonormal__s1,pp-bayesian-transformer,deep_probabilistic,mini,select_position_categorical,pyro,,,,,,,,,,,
BLOCKED,pp-beta-binomial-candidate__mini__pymc__pymc-nuts__s1,pp-beta-binomial-candidate,conjugate,mini,select_candidate_inclusion,pymc,,,,,,,,,,,
BLOCKED,pp-beta-binomial-overdispersed__mini__pymc__pymc-nuts__s1,pp-beta-binomial-overdispersed,count,mini,select_candidate_inclusion,pymc,,,,,,,,,,,
BLOCKED,pp-beta-binomial-position__mini__pymc__pymc-nuts__s1,pp-beta-binomial-position,conjugate,mini,select_position_inclusion,pymc,,,,,,,,,,,
PASS,pp-bocpd-dirichlet-categorical__mini__builtin__analytic__s1,pp-bocpd-dirichlet-categorical,changepoint,mini,online_changepoint,builtin,72d5955ad9ee97e82870202c322ea7b19977cc05f42da259cfa5c4d6a442cba5,0.09525233099702746,,0.0,5.2,32.4,0.0,0.0,0.0,0.9688560308344618,3.082214641214592
PASS,pp-conditional-bernoulli-fixed-k__mini__builtin__analytic__s1,pp-conditional-bernoulli-fixed-k,fixed_subset,mini,fixed_cardinality_subset,builtin,6c58745296c9f9c758fb7334ff1bff41db79ee707b75cf4af062a2b5d0b0f753,0.10119053000380518,,0.0,8.8,81.2,0.0,1.0,0.1111111111111111,0.1346568970401277,3.455975868583688
BLOCKED,pp-deep-markov-model__mini__pyro__pyro-svi-autonormal__s1,pp-deep-markov-model,deep_probabilistic,mini,select_position_categorical,pyro,,,,,,,,,,,
BLOCKED,pp-dirichlet-multinomial__mini__pymc__pymc-nuts__s1,pp-dirichlet-multinomial,conjugate,mini,window_count,pymc,,,,,,,,,,,
BLOCKED,pp-dirichlet-process-categorical__mini__pymc__pymc-smc__s1,pp-dirichlet-process-categorical,nonparametric,mini,select_position_categorical,pymc,,,,,,,,,,,
PASS,pp-discounted-dirichlet-categorical__mini__builtin__analytic__s1,pp-discounted-dirichlet-categorical,conjugate,mini,select_position_categorical,builtin,776165a9950cbf6b50655affa5ff01a83208021c33515224e21f760ccc1743c4,0.06610724399797618,,0.0,5.4,32.2,0.0,0.0,0.0,0.9775511450841577,3.381108304076328
BLOCKED,pp-dp-changepoint__mini__numpyro__numpyro-nuts__s1,pp-dp-changepoint,nonparametric,mini,select_position_categorical,numpyro,,,,,,,,,,,
BLOCKED,pp-dynamic-dirichlet-discount__mini__pymc__pymc-nuts__s1,pp-dynamic-dirichlet-discount,dynamic_conjugate,mini,select_position_categorical,pymc,,,,,,,,,,,
BLOCKED,pp-dynamic-horseshoe-categorical__mini__pymc__pymc-advi-fullrank__s1,pp-dynamic-horseshoe-categorical,state_space,mini,select_position_categorical,pymc,,,,,,,,,,,
BLOCKED,pp-dynamic-model-averaging__mini__pymc__pymc-nuts__s1,pp-dynamic-model-averaging,ensemble,mini,ensemble,pymc,,,,,,,,,,,
BLOCKED,pp-dynamic-regression-categorical__mini__pymc__pymc-nuts__s1,pp-dynamic-regression-categorical,state_space,mini,select_position_categorical,pymc,,,,,,,,,,,
BLOCKED,pp-empirical-bayes-dirichlet__mini__pymc__pymc-nuts__s1,pp-empirical-bayes-dirichlet,empirical_bayes,mini,select_position_categorical,pymc,,,,,,,,,,,
PASS,pp-expanding-dirichlet-categorical__mini__builtin__analytic__s1,pp-expanding-dirichlet-categorical,conjugate,mini,select_position_categorical,builtin,776165a9950cbf6b50655affa5ff01a83208021c33515224e21f760ccc1743c4,0.06923795900365803,,0.0,5.2,32.4,0.0,0.0,0.0,0.9689218526294315,3.1603535967199696
BLOCKED,pp-finite-mixture-categorical__mini__pymc__pymc-smc__s1,pp-finite-mixture-categorical,mixture,mini,select_position_categorical,pymc,,,,,,,,,,,
BLOCKED,pp-gaussian-copula-categorical__no-compatible-game,pp-gaussian-copula-categorical,copula,,,builtin,,,,,,,,,,,
BLOCKED,pp-gaussian-process-time-varying-logit__mini__pymc__pymc-smc__s1,pp-gaussian-process-time-varying-logit,gaussian_process,mini,select_position_categorical,pymc,,,,,,,,,,,
BLOCKED,pp-gp-categorical__mini__pymc__pymc-advi-fullrank__s1,pp-gp-categorical,gaussian_process,mini,select_position_categorical,pymc,,,,,,,,,,,
BLOCKED,pp-hierarchical-dirichlet-digits__no-compatible-game,pp-hierarchical-dirichlet-digits,hierarchical,,,builtin,,,,,,,,,,,
BLOCKED,pp-hierarchical-dirichlet-games__mini__pymc__pymc-nuts__s1,pp-hierarchical-dirichlet-games,hierarchical,mini,select_position_categorical,pymc,,,,,,,,,,,
BLOCKED,pp-hierarchical-dirichlet-process__mini__numpyro__numpyro-nuts__s1,pp-hierarchical-dirichlet-process,nonparametric,mini,select_position_categorical,numpyro,,,,,,,,,,,
BLOCKED,pp-hmm-categorical__mini__pymc__pymc-smc__s1,pp-hmm-categorical,regime_switching,mini,select_position_categorical,pymc,,,,,,,,,,,
BLOCKED,pp-hsmm-categorical__mini__numpyro__numpyro-svi-lowrank__s1,pp-hsmm-categorical,regime_switching,mini,select_position_categorical,numpyro,,,,,,,,,,,
BLOCKED,pp-hurdle-count__mini__pymc__pymc-advi-fullrank__s1,pp-hurdle-count,count,mini,window_count,pymc,,,,,,,,,,,
BLOCKED,pp-latent-class-categorical__mini__pymc__pymc-smc__s1,pp-latent-class-categorical,mixture,mini,select_position_categorical,pymc,,,,,,,,,,,
BLOCKED,pp-local-level-categorical__mini__pymc__pymc-nuts__s1,pp-local-level-categorical,state_space,mini,select_position_categorical,pymc,,,,,,,,,,,
BLOCKED,pp-local-linear-trend-categorical__mini__pymc__pymc-nuts__s1,pp-local-linear-trend-categorical,state_space,mini,select_position_categorical,pymc,,,,,,,,,,,
BLOCKED,pp-logistic-normal-random-walk__mini__pymc__pymc-nuts__s1,pp-logistic-normal-random-walk,state_space,mini,select_position_categorical,pymc,,,,,,,,,,,
BLOCKED,pp-mixture-of-experts-categorical__mini__pymc__pymc-advi-fullrank__s1,pp-mixture-of-experts-categorical,mixture,mini,select_position_categorical,pymc,,,,,,,,,,,
PASS,pp-multinomial-dglm__mini__builtin__analytic__s1,pp-multinomial-dglm,state_space,mini,dynamic_multinomial,builtin,079996af3023cbe7fb832d499b044bd2e066b79975d05ca5989f4361f93df62b,0.21289704000082565,,0.2,5.0,30.6,0.0,2.0,0.25,1.0004935814364466,3.6892554722709314
BLOCKED,pp-multinomial-logistic-normal-count__mini__pymc__pymc-nuts__s1,pp-multinomial-logistic-normal-count,count,mini,window_count,pymc,,,,,,,,,,,
BLOCKED,pp-multinomial-logit-horseshoe__mini__pymc__pymc-nuts__s1,pp-multinomial-logit-horseshoe,bayesian_regression,mini,select_position_categorical,pymc,,,,,,,,,,,
BLOCKED,pp-multinomial-logit-laplace__mini__pymc__pymc-nuts__s1,pp-multinomial-logit-laplace,bayesian_regression,mini,select_position_categorical,pymc,,,,,,,,,,,
BLOCKED,pp-multinomial-logit-normal__mini__pymc__pymc-nuts__s1,pp-multinomial-logit-normal,bayesian_regression,mini,select_position_categorical,pymc,,,,,,,,,,,
BLOCKED,pp-multinomial-logit-regularized-horseshoe__mini__pymc__pymc-nuts__s1,pp-multinomial-logit-regularized-horseshoe,bayesian_regression,mini,select_position_categorical,pymc,,,,,,,,,,,
BLOCKED,pp-multinomial-probit__mini__pymc__pymc-advi-fullrank__s1,pp-multinomial-probit,bayesian_regression,mini,select_position_categorical,pymc,,,,,,,,,,,
BLOCKED,pp-multiple-changepoint-categorical__mini__pymc__pymc-smc__s1,pp-multiple-changepoint-categorical,changepoint,mini,select_position_categorical,pymc,,,,,,,,,,,
BLOCKED,pp-negative-binomial-candidate-count__mini__pymc__pymc-nuts__s1,pp-negative-binomial-candidate-count,count,mini,window_count,pymc,,,,,,,,,,,
BLOCKED,pp-neural-hmm__mini__pyro__pyro-svi-autonormal__s1,pp-neural-hmm,deep_probabilistic,mini,select_position_categorical,pyro,,,,,,,,,,,
BLOCKED,pp-ordinal-adjacent-category__mini__pymc__pymc-nuts__s1,pp-ordinal-adjacent-category,ordinal,mini,select_position_ordinal,pymc,,,,,,,,,,,
BLOCKED,pp-ordinal-continuation-ratio__mini__pymc__pymc-nuts__s1,pp-ordinal-continuation-ratio,ordinal,mini,select_position_ordinal,pymc,,,,,,,,,,,
BLOCKED,pp-ordinal-cumulative-logit__mini__pymc__pymc-nuts__s1,pp-ordinal-cumulative-logit,ordinal,mini,select_position_ordinal,pymc,,,,,,,,,,,
BLOCKED,pp-poisson-candidate-count__mini__pymc__pymc-nuts__s1,pp-poisson-candidate-count,count,mini,window_count,pymc,,,,,,,,,,,
BLOCKED,pp-poisson-lognormal-count__mini__pymc__pymc-advi-fullrank__s1,pp-poisson-lognormal-count,count,mini,window_count,pymc,,,,,,,,,,,
PASS,pp-posterior-constrained-decoder__mini__builtin__analytic__s1,pp-posterior-constrained-decoder,decision,mini,decision,builtin,3f00d9c97055f67dde7c37c656fd040f53491f77c3c54d0ffac52e72e4c20fc5,0.09937009100394789,,0.0,5.2,32.4,0.0,0.0,0.0,0.9689218526294315,3.1603535967199696
PASS,pp-posterior-utility-hit1-mse__mini__builtin__analytic__s1,pp-posterior-utility-hit1-mse,decision,mini,decision,builtin,3f00d9c97055f67dde7c37c656fd040f53491f77c3c54d0ffac52e72e4c20fc5,0.010806136997416615,,0.0,5.2,32.4,0.0,0.0,0.0,0.9689218526294315,3.1603535967199696
PASS,pp-posterior-utility-hit1__mini__builtin__analytic__s1,pp-posterior-utility-hit1,decision,mini,decision,builtin,3f00d9c97055f67dde7c37c656fd040f53491f77c3c54d0ffac52e72e4c20fc5,0.06941100599942729,,0.0,5.2,32.4,0.0,0.0,0.0,0.9689218526294315,3.1603535967199696
BLOCKED,pp-psis-loo-stacking__mini__arviz__analytic__s1,pp-psis-loo-stacking,ensemble,mini,ensemble,arviz,,,,,,,,,,,
PASS,pp-rolling-dirichlet-categorical__mini__builtin__analytic__s1,pp-rolling-dirichlet-categorical,conjugate,mini,select_position_categorical,builtin,776165a9950cbf6b50655affa5ff01a83208021c33515224e21f760ccc1743c4,0.06986330100335181,,0.0,5.2,28.0,0.0,1.0,0.1111111111111111,0.9937785882845841,3.643497256390448
BLOCKED,pp-seasonal-harmonic-categorical__mini__pymc__pymc-advi-fullrank__s1,pp-seasonal-harmonic-categorical,state_space,mini,select_position_categorical,pymc,,,,,,,,,,,
BLOCKED,pp-single-changepoint-categorical__mini__pymc__pymc-smc__s1,pp-single-changepoint-categorical,changepoint,mini,select_position_categorical,pymc,,,,,,,,,,,
PASS,pp-static-dirichlet-categorical__mini__builtin__analytic__s1,pp-static-dirichlet-categorical,conjugate,mini,select_position_categorical,builtin,776165a9950cbf6b50655affa5ff01a83208021c33515224e21f760ccc1743c4,0.07106103299884126,,0.0,5.2,32.4,0.0,0.0,0.0,0.9689218526294315,3.1603535967199696
BLOCKED,pp-sticky-hdp-hmm__mini__numpyro__numpyro-svi-lowrank__s1,pp-sticky-hdp-hmm,nonparametric,mini,select_position_categorical,numpyro,,,,,,,,,,,
BLOCKED,pp-switching-dynamic-regression__mini__numpyro__numpyro-svi-lowrank__s1,pp-switching-dynamic-regression,regime_switching,mini,select_position_categorical,numpyro,,,,,,,,,,,
BLOCKED,pp-switching-logistic-normal__mini__numpyro__numpyro-svi-lowrank__s1,pp-switching-logistic-normal,regime_switching,mini,select_position_categorical,numpyro,,,,,,,,,,,
PASS,pp-uniform-dirichlet__mini__builtin__analytic__s1,pp-uniform-dirichlet,conjugate,mini,select_position_categorical,builtin,776165a9950cbf6b50655affa5ff01a83208021c33515224e21f760ccc1743c4,0.07088684500195086,,0.0,4.8,23.2,0.0,1.0,0.1111111111111111,0.9674255175325452,3.4044882668166236
BLOCKED,pp-variational-rnn__mini__pyro__pyro-svi-autonormal__s1,pp-variational-rnn,deep_probabilistic,mini,select_position_categorical,pyro,,,,,,,,,,,
BLOCKED,pp-zero-inflated-negative-binomial-count__mini__pymc__pymc-advi-fullrank__s1,pp-zero-inflated-negative-binomial-count,count,mini,window_count,pymc,,,,,,,,,,,
BLOCKED,pp-zero-inflated-poisson-count__mini__pymc__pymc-advi-fullrank__s1,pp-zero-inflated-poisson-count,count,mini,window_count,pymc,,,,,,,,,,,
