split,seed,method,fit_rows,calibration_rows,test_rows,test_min_ds,test_max_ds,multiclass_log_loss,multiclass_brier,temperature,temperature_at_lower_boundary,temperature_at_upper_boundary,mean_confidence,rows,hit_within_1,exact_rate,mae,mse,rmse,prediction_unique,prediction_mode,prediction_mode_share,prediction_sha256,constant_hit,constant_mae,constant_mse,hit_advantage,mae_advantage,mse_advantage
0,17,multinomial_logistic,3839,500,500,2016-11-22 00:00:00,2018-10-29 00:00:00,2.303970864452017,0.9002749145321696,9.578246952137706,False,False,0.3059803005601982,500,0.28,0.108,3.284,16.344,4.042771326701524,8,8,0.226,69bc434d4557752f82bc1d2856294ba51839e274eaab44aaf0dda54a9ee068f8,0.28,3.956,22.872,0.0,0.6720000000000002,6.527999999999999
0,17,ordinal_logistic,3839,500,500,2016-11-22 00:00:00,2018-10-29 00:00:00,2.3040933432754165,0.9002978776560394,9.401497373559083,False,False,0.30631364509718534,500,0.286,0.108,3.23,15.93,3.9912404086950213,8,8,0.212,742615a3075597d3aea96724d6e5ee71a86053b71f2f05be1f896bca56404799,0.28,3.956,22.872,0.00599999999999995,0.726,6.942
0,17,dirichlet_w20_a5,3839,500,500,2016-11-22 00:00:00,2018-10-29 00:00:00,,,,,,0.34308571428571427,500,0.294,0.1,3.264,16.072,4.008989897717378,8,1,0.298,38f9f19713fc52149e03e5a70015071eb29eb51662687200b16d5869115390b1,0.28,3.956,22.872,0.013999999999999957,0.6920000000000002,6.800000000000001
0,17,train_only_constant,3839,500,500,2016-11-22 00:00:00,2018-10-29 00:00:00,,,,,,,500,0.28,0.094,3.956,22.872,4.782467982119692,1,8,1.0,8c531c9ac7d922290af191189b6b610612773a52dfe45f12f6efccdfa8ba5bd1,0.28,3.956,22.872,0.0,0.0,0.0
0,42,multinomial_logistic,3839,500,500,2016-11-22 00:00:00,2018-10-29 00:00:00,2.3023945183587777,0.8999634001699426,8.171068654316088,False,False,0.3075463232060001,500,0.296,0.094,3.244,15.716,3.9643410549547826,8,8,0.254,a294a48e631c20fcfd6894aba69ccaff2c9d965f40d3dd016d57b3cb8afb4cf6,0.28,3.956,22.872,0.01599999999999996,0.7119999999999997,7.156000000000001
0,42,ordinal_logistic,3839,500,500,2016-11-22 00:00:00,2018-10-29 00:00:00,2.3029485545579496,0.9000725383166936,7.148278976728151,False,False,0.30885757523228186,500,0.288,0.102,3.218,15.406,3.9250477704099347,8,8,0.23,d40c1defb39f08200d57807e596679f33bf3f072654876601344c86500a09739,0.28,3.956,22.872,0.007999999999999952,0.738,7.465999999999999
0,42,dirichlet_w20_a5,3839,500,500,2016-11-22 00:00:00,2018-10-29 00:00:00,,,,,,0.34308571428571427,500,0.294,0.1,3.264,16.072,4.008989897717378,8,1,0.298,38f9f19713fc52149e03e5a70015071eb29eb51662687200b16d5869115390b1,0.28,3.956,22.872,0.013999999999999957,0.6920000000000002,6.800000000000001
0,42,train_only_constant,3839,500,500,2016-11-22 00:00:00,2018-10-29 00:00:00,,,,,,,500,0.28,0.094,3.956,22.872,4.782467982119692,1,8,1.0,8c531c9ac7d922290af191189b6b610612773a52dfe45f12f6efccdfa8ba5bd1,0.28,3.956,22.872,0.0,0.0,0.0
0,137,multinomial_logistic,3839,500,500,2016-11-22 00:00:00,2018-10-29 00:00:00,2.3025116364003892,0.8999853709863139,99.99998120136743,False,True,0.3005931267142715,500,0.29,0.098,3.19,15.142,3.8912722855127986,8,8,0.288,6e3dbe11296a6687d2f30ced629b45fc60dc1085aeb7eeb0b6abd28b1d5bef60,0.28,3.956,22.872,0.009999999999999953,0.766,7.73
0,137,ordinal_logistic,3839,500,500,2016-11-22 00:00:00,2018-10-29 00:00:00,2.302461939303598,0.8999755031712139,99.99998467000981,False,True,0.3006089746046471,500,0.294,0.102,3.19,15.258,3.906148998694238,8,8,0.284,faa11685a477d1fccdc1ec02d53d7cacb631c781a4a5decfb7abb8491c5bb867,0.28,3.956,22.872,0.013999999999999957,0.766,7.614000000000001
0,137,dirichlet_w20_a5,3839,500,500,2016-11-22 00:00:00,2018-10-29 00:00:00,,,,,,0.34308571428571427,500,0.294,0.1,3.264,16.072,4.008989897717378,8,1,0.298,38f9f19713fc52149e03e5a70015071eb29eb51662687200b16d5869115390b1,0.28,3.956,22.872,0.013999999999999957,0.6920000000000002,6.800000000000001
0,137,train_only_constant,3839,500,500,2016-11-22 00:00:00,2018-10-29 00:00:00,,,,,,,500,0.28,0.094,3.956,22.872,4.782467982119692,1,8,1.0,8c531c9ac7d922290af191189b6b610612773a52dfe45f12f6efccdfa8ba5bd1,0.28,3.956,22.872,0.0,0.0,0.0
0,2026,multinomial_logistic,3839,500,500,2016-11-22 00:00:00,2018-10-29 00:00:00,2.30200189711433,0.8998811145012134,8.684938025017889,False,False,0.30675805208725465,500,0.312,0.108,3.25,16.09,4.011234224026316,8,8,0.296,4ca921de1839ac964e2f185a3d494c9dee24b66206adf654d60cb6c27aca06b5,0.28,3.956,22.872,0.03199999999999997,0.706,6.782
0,2026,ordinal_logistic,3839,500,500,2016-11-22 00:00:00,2018-10-29 00:00:00,2.3026706381569135,0.8999906732588663,8.558592670078603,False,False,0.3072407530308754,500,0.308,0.11,3.186,15.442,3.92963102593615,8,8,0.284,256e8f365b11a94f484721bc750a06ccc0e68805f738eb2e4c60d2abe54f9db3,0.28,3.956,22.872,0.02799999999999997,0.77,7.43
0,2026,dirichlet_w20_a5,3839,500,500,2016-11-22 00:00:00,2018-10-29 00:00:00,,,,,,0.34308571428571427,500,0.294,0.1,3.264,16.072,4.008989897717378,8,1,0.298,38f9f19713fc52149e03e5a70015071eb29eb51662687200b16d5869115390b1,0.28,3.956,22.872,0.013999999999999957,0.6920000000000002,6.800000000000001
0,2026,train_only_constant,3839,500,500,2016-11-22 00:00:00,2018-10-29 00:00:00,,,,,,,500,0.28,0.094,3.956,22.872,4.782467982119692,1,8,1.0,8c531c9ac7d922290af191189b6b610612773a52dfe45f12f6efccdfa8ba5bd1,0.28,3.956,22.872,0.0,0.0,0.0
0,20260802,multinomial_logistic,3839,500,500,2016-11-22 00:00:00,2018-10-29 00:00:00,2.3027519719917793,0.9000334031689876,99.99998032864552,False,True,0.3006264032541303,500,0.284,0.112,3.304,16.372,4.04623281584241,8,8,0.266,66a92ce45818344f4d13248a24d2065f36b615bcf6192d5d9b84d484e4391409,0.28,3.956,22.872,0.003999999999999948,0.6520000000000001,6.5
0,20260802,ordinal_logistic,3839,500,500,2016-11-22 00:00:00,2018-10-29 00:00:00,2.3027508037568976,0.9000331806625501,99.99998212185983,False,True,0.30064006678382277,500,0.298,0.122,3.222,15.814,3.976682034058041,8,8,0.248,b32b82b651946d1c1a75905c2b2c8f81a70f6e106a9a2e61facd3e7ff385f052,0.28,3.956,22.872,0.01799999999999996,0.734,7.058
0,20260802,dirichlet_w20_a5,3839,500,500,2016-11-22 00:00:00,2018-10-29 00:00:00,,,,,,0.34308571428571427,500,0.294,0.1,3.264,16.072,4.008989897717378,8,1,0.298,38f9f19713fc52149e03e5a70015071eb29eb51662687200b16d5869115390b1,0.28,3.956,22.872,0.013999999999999957,0.6920000000000002,6.800000000000001
0,20260802,train_only_constant,3839,500,500,2016-11-22 00:00:00,2018-10-29 00:00:00,,,,,,,500,0.28,0.094,3.956,22.872,4.782467982119692,1,8,1.0,8c531c9ac7d922290af191189b6b610612773a52dfe45f12f6efccdfa8ba5bd1,0.28,3.956,22.872,0.0,0.0,0.0
1,17,multinomial_logistic,4339,500,500,2018-10-30 00:00:00,2020-10-08 00:00:00,2.2979292201685757,0.8990408731359278,4.267948232483327,False,False,0.3131585037748265,500,0.3,0.09,3.25,15.738,3.967114820622161,8,1,0.226,9ecfa90b15331f1cb7aa6ba16a545d991672a7c6a174053ef8bbbbff8d0abe70,0.328,3.528,19.24,-0.028000000000000025,0.278,3.501999999999999
1,17,ordinal_logistic,4339,500,500,2018-10-30 00:00:00,2020-10-08 00:00:00,2.297285872531808,0.8990293919259161,4.551396368759109,False,False,0.3130632372993493,500,0.284,0.084,3.306,16.066,4.008241509689754,8,1,0.222,7006e967a9a29513b766f7c203576f810fdd5ea7f52ff85acf1eddc8aef8b2d1,0.328,3.528,19.24,-0.04400000000000004,0.22199999999999998,3.1739999999999995
1,17,dirichlet_w20_a5,4339,500,500,2018-10-30 00:00:00,2020-10-08 00:00:00,,,,,,0.3432,500,0.336,0.132,2.996,14.084,3.752865571799768,8,2,0.178,5d571fa154115f59678e13f965298145c988430ab8fc40ae9dceaeb6c9094ce3,0.328,3.528,19.24,0.008000000000000007,0.532,5.155999999999999
1,17,train_only_constant,4339,500,500,2018-10-30 00:00:00,2020-10-08 00:00:00,,,,,,,500,0.328,0.106,3.528,19.24,4.386342439892261,1,8,1.0,8c531c9ac7d922290af191189b6b610612773a52dfe45f12f6efccdfa8ba5bd1,0.328,3.528,19.24,0.0,0.0,0.0
1,42,multinomial_logistic,4339,500,500,2018-10-30 00:00:00,2020-10-08 00:00:00,2.3024159785517124,0.8999661622932477,99.99998087377789,False,True,0.30057260970713595,500,0.29,0.088,3.176,14.996,3.872466913996813,8,2,0.196,d1c1886462bdf8e389565d07fcf31dc85e1c7c830e9810d0ec54df9a3b651f16,0.328,3.528,19.24,-0.038000000000000034,0.35199999999999987,4.243999999999998
1,42,ordinal_logistic,4339,500,500,2018-10-30 00:00:00,2020-10-08 00:00:00,2.3022186781827387,0.8999306399743928,99.99998784791016,False,True,0.30064788156050637,500,0.28,0.088,3.202,15.094,3.885099741319391,8,2,0.202,62793eacd63206214d8774162e04fcb444e88719540e3bd1241e36a5f888dc66,0.328,3.528,19.24,-0.04799999999999999,0.32600000000000007,4.145999999999999
1,42,dirichlet_w20_a5,4339,500,500,2018-10-30 00:00:00,2020-10-08 00:00:00,,,,,,0.3432,500,0.336,0.132,2.996,14.084,3.752865571799768,8,2,0.178,5d571fa154115f59678e13f965298145c988430ab8fc40ae9dceaeb6c9094ce3,0.328,3.528,19.24,0.008000000000000007,0.532,5.155999999999999
1,42,train_only_constant,4339,500,500,2018-10-30 00:00:00,2020-10-08 00:00:00,,,,,,,500,0.328,0.106,3.528,19.24,4.386342439892261,1,8,1.0,8c531c9ac7d922290af191189b6b610612773a52dfe45f12f6efccdfa8ba5bd1,0.328,3.528,19.24,0.0,0.0,0.0
1,137,multinomial_logistic,4339,500,500,2018-10-30 00:00:00,2020-10-08 00:00:00,2.302419166729486,0.8999669244827758,99.99998970758344,False,True,0.30051751029346135,500,0.292,0.104,3.026,13.47,3.670149860700514,8,1,0.172,642d3f3353fbe29ee514f946dbb7de984aa4cb6e2dd3dd245744e407c3ced270,0.328,3.528,19.24,-0.03600000000000003,0.5020000000000002,5.769999999999998
1,137,ordinal_logistic,4339,500,500,2018-10-30 00:00:00,2020-10-08 00:00:00,2.3022996430174514,0.8999443256751345,99.99998861484228,False,True,0.3005463440185344,500,0.308,0.114,2.952,13.06,3.6138621999185303,8,7,0.172,360b646103c48b4476e0972d64ba168eff81d5d9216a38a958094f040d781851,0.328,3.528,19.24,-0.020000000000000018,0.5760000000000001,6.179999999999998
1,137,dirichlet_w20_a5,4339,500,500,2018-10-30 00:00:00,2020-10-08 00:00:00,,,,,,0.3432,500,0.336,0.132,2.996,14.084,3.752865571799768,8,2,0.178,5d571fa154115f59678e13f965298145c988430ab8fc40ae9dceaeb6c9094ce3,0.328,3.528,19.24,0.008000000000000007,0.532,5.155999999999999
1,137,train_only_constant,4339,500,500,2018-10-30 00:00:00,2020-10-08 00:00:00,,,,,,,500,0.328,0.106,3.528,19.24,4.386342439892261,1,8,1.0,8c531c9ac7d922290af191189b6b610612773a52dfe45f12f6efccdfa8ba5bd1,0.328,3.528,19.24,0.0,0.0,0.0
1,2026,multinomial_logistic,4339,500,500,2018-10-30 00:00:00,2020-10-08 00:00:00,2.301158047240892,0.8996928483683925,6.4917439755412305,False,False,0.30840629750963583,500,0.334,0.122,2.996,13.92,3.730951621235526,8,8,0.202,6566fe9c10d278ebb3a7b8d0d8c468081de165b02dfed62bd79719f59b0b057e,0.328,3.528,19.24,0.006000000000000005,0.532,5.3199999999999985
1,2026,ordinal_logistic,4339,500,500,2018-10-30 00:00:00,2020-10-08 00:00:00,2.3013645208929363,0.8997581092354464,6.260841825188179,False,False,0.30898527144904014,500,0.34,0.124,3.03,14.354,3.7886673118657437,8,8,0.182,51476001dd352a9a7e6d0c1d7ab5fc433b06b5cba83bfbe6219b8c00e2855bca,0.328,3.528,19.24,0.01200000000000001,0.4980000000000002,4.885999999999999
1,2026,dirichlet_w20_a5,4339,500,500,2018-10-30 00:00:00,2020-10-08 00:00:00,,,,,,0.3432,500,0.336,0.132,2.996,14.084,3.752865571799768,8,2,0.178,5d571fa154115f59678e13f965298145c988430ab8fc40ae9dceaeb6c9094ce3,0.328,3.528,19.24,0.008000000000000007,0.532,5.155999999999999
1,2026,train_only_constant,4339,500,500,2018-10-30 00:00:00,2020-10-08 00:00:00,,,,,,,500,0.328,0.106,3.528,19.24,4.386342439892261,1,8,1.0,8c531c9ac7d922290af191189b6b610612773a52dfe45f12f6efccdfa8ba5bd1,0.328,3.528,19.24,0.0,0.0,0.0
1,20260802,multinomial_logistic,4339,500,500,2018-10-30 00:00:00,2020-10-08 00:00:00,2.302347235701546,0.8999525087004218,63.35825863835425,False,False,0.3008146522898661,500,0.316,0.102,3.1,14.724,3.8371864692766757,8,8,0.268,6e24d49e555e4049dddd3c6cd81d318a73967cea26333cbc598f6c17381bf37f,0.328,3.528,19.24,-0.01200000000000001,0.42799999999999994,4.515999999999998
1,20260802,ordinal_logistic,4339,500,500,2018-10-30 00:00:00,2020-10-08 00:00:00,2.303294790494061,0.9000787456695761,44.13143736217715,False,False,0.30127346361133217,500,0.334,0.12,2.986,13.954,3.735505320569093,8,8,0.262,fd7fc620a1d1892a23a600ed3c1e067943ecfb54811b467dcd00eef1aefdb37b,0.328,3.528,19.24,0.006000000000000005,0.5419999999999998,5.285999999999998
1,20260802,dirichlet_w20_a5,4339,500,500,2018-10-30 00:00:00,2020-10-08 00:00:00,,,,,,0.3432,500,0.336,0.132,2.996,14.084,3.752865571799768,8,2,0.178,5d571fa154115f59678e13f965298145c988430ab8fc40ae9dceaeb6c9094ce3,0.328,3.528,19.24,0.008000000000000007,0.532,5.155999999999999
1,20260802,train_only_constant,4339,500,500,2018-10-30 00:00:00,2020-10-08 00:00:00,,,,,,,500,0.328,0.106,3.528,19.24,4.386342439892261,1,8,1.0,8c531c9ac7d922290af191189b6b610612773a52dfe45f12f6efccdfa8ba5bd1,0.328,3.528,19.24,0.0,0.0,0.0
2,17,multinomial_logistic,4839,500,500,2020-10-09 00:00:00,2022-09-14 00:00:00,2.3069989761995098,0.9008886267615078,3.883636220270786,False,False,0.3163292861682748,500,0.308,0.096,3.136,14.968,3.868849958320948,8,7,0.36,0b7fb2e4d91e46ae73123db503f8013f0bb59c420eb58168b7f63326816563f9,0.324,3.614,19.874,-0.016000000000000014,0.47799999999999976,4.905999999999999
2,17,ordinal_logistic,4839,500,500,2020-10-09 00:00:00,2022-09-14 00:00:00,2.30765761409542,0.9009939037649918,3.878706591399423,False,False,0.31694153219538573,500,0.288,0.088,3.192,15.2,3.8987177379235853,8,7,0.364,8c1cd8eb290e45b59a843c080c4c53b2c15aa09a84b4cee5140c0aa5d32d56f8,0.324,3.614,19.874,-0.03600000000000003,0.4219999999999997,4.6739999999999995
2,17,dirichlet_w20_a5,4839,500,500,2020-10-09 00:00:00,2022-09-14 00:00:00,,,,,,0.3343714285714285,500,0.248,0.074,3.286,15.678,3.95954542845514,8,1,0.196,572fb40319f8f61c16c568e97ba2f87a4c93117d4f2bd9bcd50dd892d19b770b,0.324,3.614,19.874,-0.07600000000000001,0.32799999999999985,4.195999999999998
2,17,train_only_constant,4839,500,500,2020-10-09 00:00:00,2022-09-14 00:00:00,,,,,,,500,0.324,0.088,3.614,19.874,4.45802646919015,1,8,1.0,8c531c9ac7d922290af191189b6b610612773a52dfe45f12f6efccdfa8ba5bd1,0.324,3.614,19.874,0.0,0.0,0.0
2,42,multinomial_logistic,4839,500,500,2020-10-09 00:00:00,2022-09-14 00:00:00,2.3064281423769,0.9007308230955325,3.0459689916754056,False,False,0.3168046044625313,500,0.296,0.104,3.24,16.008,4.0009998750312405,8,1,0.238,8b2b0d5759a0668c015f5791e005b4955ab74ae21c6b88a13ba5f3a6dfe2c960,0.324,3.614,19.874,-0.028000000000000025,0.37399999999999967,3.8659999999999997
2,42,ordinal_logistic,4839,500,500,2020-10-09 00:00:00,2022-09-14 00:00:00,2.3071206434439473,0.9007816317907955,3.174962277636924,False,False,0.3164983448956906,500,0.296,0.104,3.22,15.788,3.9734116323381348,8,1,0.224,aa7b8701f8b7ea58d74a359e948399ab20108accfdf9ac73c09e87cea213f104,0.324,3.614,19.874,-0.028000000000000025,0.3939999999999997,4.0859999999999985
2,42,dirichlet_w20_a5,4839,500,500,2020-10-09 00:00:00,2022-09-14 00:00:00,,,,,,0.3343714285714285,500,0.248,0.074,3.286,15.678,3.95954542845514,8,1,0.196,572fb40319f8f61c16c568e97ba2f87a4c93117d4f2bd9bcd50dd892d19b770b,0.324,3.614,19.874,-0.07600000000000001,0.32799999999999985,4.195999999999998
2,42,train_only_constant,4839,500,500,2020-10-09 00:00:00,2022-09-14 00:00:00,,,,,,,500,0.324,0.088,3.614,19.874,4.45802646919015,1,8,1.0,8c531c9ac7d922290af191189b6b610612773a52dfe45f12f6efccdfa8ba5bd1,0.324,3.614,19.874,0.0,0.0,0.0
2,137,multinomial_logistic,4839,500,500,2020-10-09 00:00:00,2022-09-14 00:00:00,2.3083872692817957,0.9012356916862054,2.8944232378480432,False,False,0.31695099317629044,500,0.256,0.098,3.304,16.076,4.009488745463691,8,1,0.24,83c14cc46cdcf6264196398f6f7d2ba6cda93c9858cc443dedc26afb22b94aba,0.324,3.614,19.874,-0.068,0.31000000000000005,3.7979999999999983
2,137,ordinal_logistic,4839,500,500,2020-10-09 00:00:00,2022-09-14 00:00:00,2.308493452867302,0.9012597868357173,2.7216129620240914,False,False,0.31819675944549647,500,0.258,0.096,3.29,15.894,3.9867279816912515,8,7,0.226,c089197dcf54e9b0b8485513eaa479ed57befae2b5bf50c908aa6d7a7138dbce,0.324,3.614,19.874,-0.066,0.32399999999999984,3.9799999999999986
2,137,dirichlet_w20_a5,4839,500,500,2020-10-09 00:00:00,2022-09-14 00:00:00,,,,,,0.3343714285714285,500,0.248,0.074,3.286,15.678,3.95954542845514,8,1,0.196,572fb40319f8f61c16c568e97ba2f87a4c93117d4f2bd9bcd50dd892d19b770b,0.324,3.614,19.874,-0.07600000000000001,0.32799999999999985,4.195999999999998
2,137,train_only_constant,4839,500,500,2020-10-09 00:00:00,2022-09-14 00:00:00,,,,,,,500,0.324,0.088,3.614,19.874,4.45802646919015,1,8,1.0,8c531c9ac7d922290af191189b6b610612773a52dfe45f12f6efccdfa8ba5bd1,0.324,3.614,19.874,0.0,0.0,0.0
2,2026,multinomial_logistic,4839,500,500,2020-10-09 00:00:00,2022-09-14 00:00:00,2.303099585544792,0.9001117546597684,3.738132930703517,False,False,0.31352212435987464,500,0.31,0.098,3.256,16.292,4.0363349712331855,8,8,0.218,5991c8628d6bd1a8d68f92951067a273816170c4562cd773233f476eb5462faa,0.324,3.614,19.874,-0.014000000000000012,0.3580000000000001,3.581999999999997
2,2026,ordinal_logistic,4839,500,500,2020-10-09 00:00:00,2022-09-14 00:00:00,2.3030478464450175,0.9001072107135719,3.535437286090783,False,False,0.31455209911994164,500,0.312,0.088,3.22,15.884,3.985473623046576,8,8,0.208,4c39ca96831cd41773723a7ccf4a82a4ff15aaf365e74ee6f548c8b691bc17da,0.324,3.614,19.874,-0.01200000000000001,0.3939999999999997,3.9899999999999984
2,2026,dirichlet_w20_a5,4839,500,500,2020-10-09 00:00:00,2022-09-14 00:00:00,,,,,,0.3343714285714285,500,0.248,0.074,3.286,15.678,3.95954542845514,8,1,0.196,572fb40319f8f61c16c568e97ba2f87a4c93117d4f2bd9bcd50dd892d19b770b,0.324,3.614,19.874,-0.07600000000000001,0.32799999999999985,4.195999999999998
2,2026,train_only_constant,4839,500,500,2020-10-09 00:00:00,2022-09-14 00:00:00,,,,,,,500,0.324,0.088,3.614,19.874,4.45802646919015,1,8,1.0,8c531c9ac7d922290af191189b6b610612773a52dfe45f12f6efccdfa8ba5bd1,0.324,3.614,19.874,0.0,0.0,0.0
2,20260802,multinomial_logistic,4839,500,500,2020-10-09 00:00:00,2022-09-14 00:00:00,2.3041842058639768,0.9004330629117839,2.668498214399615,False,False,0.3200957852650609,500,0.282,0.082,3.29,15.902,3.9877311845208423,8,7,0.2,c53fbe264dd81f9f9b6b3aee734ad81cba7bb905e8f43236eb56c90551981460,0.324,3.614,19.874,-0.04200000000000004,0.32399999999999984,3.9719999999999995
2,20260802,ordinal_logistic,4839,500,500,2020-10-09 00:00:00,2022-09-14 00:00:00,2.3033789067181956,0.9002791805107015,2.819084455127549,False,False,0.3189985018333924,500,0.292,0.084,3.248,15.62,3.9522145690739006,8,7,0.196,722036cddc4f4ce7a138658e31ca764c28f2cf6da523ad5aaf6e5dcf00b83cfe,0.324,3.614,19.874,-0.03200000000000003,0.36599999999999966,4.254
2,20260802,dirichlet_w20_a5,4839,500,500,2020-10-09 00:00:00,2022-09-14 00:00:00,,,,,,0.3343714285714285,500,0.248,0.074,3.286,15.678,3.95954542845514,8,1,0.196,572fb40319f8f61c16c568e97ba2f87a4c93117d4f2bd9bcd50dd892d19b770b,0.324,3.614,19.874,-0.07600000000000001,0.32799999999999985,4.195999999999998
2,20260802,train_only_constant,4839,500,500,2020-10-09 00:00:00,2022-09-14 00:00:00,,,,,,,500,0.324,0.088,3.614,19.874,4.45802646919015,1,8,1.0,8c531c9ac7d922290af191189b6b610612773a52dfe45f12f6efccdfa8ba5bd1,0.324,3.614,19.874,0.0,0.0,0.0
3,17,multinomial_logistic,5339,500,500,2022-09-15 00:00:00,2024-08-21 00:00:00,2.302778249067207,0.9000386612007086,99.99998268593411,False,True,0.3005032344662769,500,0.292,0.09,3.182,15.026,3.8763384785129382,8,7,0.286,ee5eaeee11940c52abce57d14efb40cb2db181983f7bbb629cf6adf72107530e,0.302,3.712,20.632,-0.010000000000000009,0.5300000000000002,5.606000000000002
3,17,ordinal_logistic,5339,500,500,2022-09-15 00:00:00,2024-08-21 00:00:00,2.3027652682009685,0.900036131020433,99.99998388209389,False,True,0.30052193659413434,500,0.268,0.082,3.246,15.362,3.919438735329333,8,7,0.284,d0f5d430f97598f1d6db726f8fd366229862e16280acf5ce881fa2d90a56f5ad,0.302,3.712,20.632,-0.033999999999999975,0.4660000000000002,5.270000000000001
3,17,dirichlet_w20_a5,5339,500,500,2022-09-15 00:00:00,2024-08-21 00:00:00,,,,,,0.34285714285714275,500,0.308,0.102,3.11,14.786,3.845256818471297,8,1,0.324,1fa7b3e6a79bee43e0cbb4d97d0f0195c8c12538708cd8ff8cc8f18d0f6d373e,0.302,3.712,20.632,0.006000000000000005,0.6020000000000003,5.846000000000002
3,17,train_only_constant,5339,500,500,2022-09-15 00:00:00,2024-08-21 00:00:00,,,,,,,500,0.302,0.094,3.712,20.632,4.542246140402345,1,8,1.0,8c531c9ac7d922290af191189b6b610612773a52dfe45f12f6efccdfa8ba5bd1,0.302,3.712,20.632,0.0,0.0,0.0
3,42,multinomial_logistic,5339,500,500,2022-09-15 00:00:00,2024-08-21 00:00:00,2.302709235223794,0.9000248336845873,99.99998671793401,False,True,0.3004907387207314,500,0.3,0.11,3.17,15.362,3.919438735329333,8,7,0.228,6559b6d79afb874cb66d51076770c0ab99c84f54c136dc97861322972e4bf4fd,0.302,3.712,20.632,-0.0020000000000000018,0.5420000000000003,5.270000000000001
3,42,ordinal_logistic,5339,500,500,2022-09-15 00:00:00,2024-08-21 00:00:00,2.3032811765371397,0.9001248722544437,99.9999812201754,False,True,0.3005263119347504,500,0.298,0.11,3.15,15.094,3.885099741319391,8,7,0.234,232120ed2243b075b2b6e0026607e72fb5590cb9f90dacca65908af6b7fb9d91,0.302,3.712,20.632,-0.0040000000000000036,0.5620000000000003,5.538000000000002
3,42,dirichlet_w20_a5,5339,500,500,2022-09-15 00:00:00,2024-08-21 00:00:00,,,,,,0.34285714285714275,500,0.308,0.102,3.11,14.786,3.845256818471297,8,1,0.324,1fa7b3e6a79bee43e0cbb4d97d0f0195c8c12538708cd8ff8cc8f18d0f6d373e,0.302,3.712,20.632,0.006000000000000005,0.6020000000000003,5.846000000000002
3,42,train_only_constant,5339,500,500,2022-09-15 00:00:00,2024-08-21 00:00:00,,,,,,,500,0.302,0.094,3.712,20.632,4.542246140402345,1,8,1.0,8c531c9ac7d922290af191189b6b610612773a52dfe45f12f6efccdfa8ba5bd1,0.302,3.712,20.632,0.0,0.0,0.0
3,137,multinomial_logistic,5339,500,500,2022-09-15 00:00:00,2024-08-21 00:00:00,2.3026151008947062,0.9000059481958983,99.99998073339785,False,True,0.3004903963776302,500,0.296,0.088,3.106,14.366,3.7902506513422036,8,7,0.248,ae9542015907c7692cb58d53399ce24162bceab5f57112eb27d6a9286eaf48e4,0.302,3.712,20.632,-0.006000000000000005,0.6060000000000003,6.266000000000002
3,137,ordinal_logistic,5339,500,500,2022-09-15 00:00:00,2024-08-21 00:00:00,2.302651208281399,0.9000131432996902,99.99998032758894,False,True,0.30050077617515547,500,0.288,0.09,3.136,14.584,3.818900365288416,8,7,0.25,535cd7032f419ab5b7ff43f9f2348a466d6155064f4f8e7f93c05fd262b5b91f,0.302,3.712,20.632,-0.014000000000000012,0.5760000000000001,6.048000000000002
3,137,dirichlet_w20_a5,5339,500,500,2022-09-15 00:00:00,2024-08-21 00:00:00,,,,,,0.34285714285714275,500,0.308,0.102,3.11,14.786,3.845256818471297,8,1,0.324,1fa7b3e6a79bee43e0cbb4d97d0f0195c8c12538708cd8ff8cc8f18d0f6d373e,0.302,3.712,20.632,0.006000000000000005,0.6020000000000003,5.846000000000002
3,137,train_only_constant,5339,500,500,2022-09-15 00:00:00,2024-08-21 00:00:00,,,,,,,500,0.302,0.094,3.712,20.632,4.542246140402345,1,8,1.0,8c531c9ac7d922290af191189b6b610612773a52dfe45f12f6efccdfa8ba5bd1,0.302,3.712,20.632,0.0,0.0,0.0
3,2026,multinomial_logistic,5339,500,500,2022-09-15 00:00:00,2024-08-21 00:00:00,2.3025130533486964,0.8999855708650382,99.99998884053602,False,True,0.30048480307036585,500,0.292,0.094,3.036,13.88,3.725587202039432,8,7,0.166,6fca7986607076e1dd245ea11ff442c2f13d624716db058a43b93de4c555cc6b,0.302,3.712,20.632,-0.010000000000000009,0.6760000000000002,6.752000000000001
3,2026,ordinal_logistic,5339,500,500,2022-09-15 00:00:00,2024-08-21 00:00:00,2.302526339111523,0.8999882405607964,99.99998591751972,False,True,0.3004880511159794,500,0.286,0.08,3.056,13.808,3.7159117319979496,8,7,0.168,7ed559314ef0cef1de9252e2c2227146d6ed2bff2ccaf55039b584941f780983,0.302,3.712,20.632,-0.016000000000000014,0.6560000000000001,6.824000000000002
3,2026,dirichlet_w20_a5,5339,500,500,2022-09-15 00:00:00,2024-08-21 00:00:00,,,,,,0.34285714285714275,500,0.308,0.102,3.11,14.786,3.845256818471297,8,1,0.324,1fa7b3e6a79bee43e0cbb4d97d0f0195c8c12538708cd8ff8cc8f18d0f6d373e,0.302,3.712,20.632,0.006000000000000005,0.6020000000000003,5.846000000000002
3,2026,train_only_constant,5339,500,500,2022-09-15 00:00:00,2024-08-21 00:00:00,,,,,,,500,0.302,0.094,3.712,20.632,4.542246140402345,1,8,1.0,8c531c9ac7d922290af191189b6b610612773a52dfe45f12f6efccdfa8ba5bd1,0.302,3.712,20.632,0.0,0.0,0.0
3,20260802,multinomial_logistic,5339,500,500,2022-09-15 00:00:00,2024-08-21 00:00:00,2.3027415272162033,0.9000313260844013,99.99998100572823,False,True,0.30053661231710294,500,0.28,0.098,3.154,14.926,3.863418175657406,8,7,0.252,2e2d505f0fc88e5e0203503311c63ac1a3cb10dce3fde8bea5b6cbd71ea07bd1,0.302,3.712,20.632,-0.021999999999999964,0.5580000000000003,5.706000000000001
3,20260802,ordinal_logistic,5339,500,500,2022-09-15 00:00:00,2024-08-21 00:00:00,2.302789562539461,0.9000409086418983,79.96290855139887,False,False,0.3006791054104136,500,0.28,0.102,3.144,14.868,3.855904563134311,8,7,0.25,4e8b65cd75880572dd40dc86aa84162b092ef69694348b579b604fdd4e12e0ec,0.302,3.712,20.632,-0.021999999999999964,0.5680000000000001,5.764000000000001
3,20260802,dirichlet_w20_a5,5339,500,500,2022-09-15 00:00:00,2024-08-21 00:00:00,,,,,,0.34285714285714275,500,0.308,0.102,3.11,14.786,3.845256818471297,8,1,0.324,1fa7b3e6a79bee43e0cbb4d97d0f0195c8c12538708cd8ff8cc8f18d0f6d373e,0.302,3.712,20.632,0.006000000000000005,0.6020000000000003,5.846000000000002
3,20260802,train_only_constant,5339,500,500,2022-09-15 00:00:00,2024-08-21 00:00:00,,,,,,,500,0.302,0.094,3.712,20.632,4.542246140402345,1,8,1.0,8c531c9ac7d922290af191189b6b610612773a52dfe45f12f6efccdfa8ba5bd1,0.302,3.712,20.632,0.0,0.0,0.0
4,17,multinomial_logistic,5839,500,500,2024-08-22 00:00:00,2026-07-31 00:00:00,2.3025539836835773,0.8999937536206621,99.99998674545422,False,True,0.30048677637887805,500,0.31,0.098,2.97,13.402,3.6608742125344866,8,8,0.22,22eb9d55449393b0f2513fb7d5f18c998333600e23a2f972425e0a757106169e,0.26,3.846,21.662,0.04999999999999999,0.8759999999999999,8.26
4,17,ordinal_logistic,5839,500,500,2024-08-22 00:00:00,2026-07-31 00:00:00,2.302553805948999,0.8999937282400478,99.99998898807719,False,True,0.3004885845072011,500,0.3,0.1,2.978,13.346,3.6532177597290856,8,8,0.196,59fd0e271d4757b2fb6491bad14db2ae50d30ffaf8a286fe5e9db0ad913f3eeb,0.26,3.846,21.662,0.03999999999999998,0.8679999999999999,8.315999999999999
4,17,dirichlet_w20_a5,5839,500,500,2024-08-22 00:00:00,2026-07-31 00:00:00,,,,,,0.3412,500,0.3,0.098,3.13,14.69,3.83275357934736,8,1,0.288,0d4e2bd8f0e17d63ff0f45ae8d97106b02111f1278e95f30152ef678bf39a68d,0.26,3.846,21.662,0.03999999999999998,0.7160000000000002,6.9719999999999995
4,17,train_only_constant,5839,500,500,2024-08-22 00:00:00,2026-07-31 00:00:00,,,,,,,500,0.26,0.106,3.846,21.662,4.654245373849557,1,8,1.0,8c531c9ac7d922290af191189b6b610612773a52dfe45f12f6efccdfa8ba5bd1,0.26,3.846,21.662,0.0,0.0,0.0
4,42,multinomial_logistic,5839,500,500,2024-08-22 00:00:00,2026-07-31 00:00:00,2.3026159324944584,0.9000061966914659,58.00656833192594,False,False,0.30083727771664176,500,0.298,0.102,3.166,14.97,3.8691084244306206,8,8,0.37,b2c383801f50a597944b57884caca8195fa69cc9379bf101102b04f483c1435f,0.26,3.846,21.662,0.03799999999999998,0.6800000000000002,6.691999999999998
4,42,ordinal_logistic,5839,500,500,2024-08-22 00:00:00,2026-07-31 00:00:00,2.302731153940288,0.9000293541647781,16.70314430623706,False,False,0.3029489972297488,500,0.298,0.102,3.188,15.176,3.895638586932828,8,8,0.364,93c5b0d7ebb75f75c5527ed1df45b8be91cb42ab46490a136c9894fc4d04104a,0.26,3.846,21.662,0.03799999999999998,0.6579999999999999,6.485999999999999
4,42,dirichlet_w20_a5,5839,500,500,2024-08-22 00:00:00,2026-07-31 00:00:00,,,,,,0.3412,500,0.3,0.098,3.13,14.69,3.83275357934736,8,1,0.288,0d4e2bd8f0e17d63ff0f45ae8d97106b02111f1278e95f30152ef678bf39a68d,0.26,3.846,21.662,0.03999999999999998,0.7160000000000002,6.9719999999999995
4,42,train_only_constant,5839,500,500,2024-08-22 00:00:00,2026-07-31 00:00:00,,,,,,,500,0.26,0.106,3.846,21.662,4.654245373849557,1,8,1.0,8c531c9ac7d922290af191189b6b610612773a52dfe45f12f6efccdfa8ba5bd1,0.26,3.846,21.662,0.0,0.0,0.0
4,137,multinomial_logistic,5839,500,500,2024-08-22 00:00:00,2026-07-31 00:00:00,2.302582065159801,0.8999993694185442,99.99998473442467,False,True,0.3004461703544974,500,0.312,0.088,2.924,12.884,3.5894289239376227,8,3,0.228,692f3a899df6739679bd417e77a238bc4807366f90e2babd759023d03f2d7d38,0.26,3.846,21.662,0.05199999999999999,0.9220000000000002,8.777999999999999
4,137,ordinal_logistic,5839,500,500,2024-08-22 00:00:00,2026-07-31 00:00:00,2.302578237035015,0.8999986113580137,99.99998350284115,False,True,0.3004465722634521,500,0.32,0.096,2.882,12.618,3.552182427747764,8,3,0.226,46553bacbd2a66b5cead35f4ea6064b11a70b8e56a454439a363e63275f48578,0.26,3.846,21.662,0.06,0.964,9.043999999999999
4,137,dirichlet_w20_a5,5839,500,500,2024-08-22 00:00:00,2026-07-31 00:00:00,,,,,,0.3412,500,0.3,0.098,3.13,14.69,3.83275357934736,8,1,0.288,0d4e2bd8f0e17d63ff0f45ae8d97106b02111f1278e95f30152ef678bf39a68d,0.26,3.846,21.662,0.03999999999999998,0.7160000000000002,6.9719999999999995
4,137,train_only_constant,5839,500,500,2024-08-22 00:00:00,2026-07-31 00:00:00,,,,,,,500,0.26,0.106,3.846,21.662,4.654245373849557,1,8,1.0,8c531c9ac7d922290af191189b6b610612773a52dfe45f12f6efccdfa8ba5bd1,0.26,3.846,21.662,0.0,0.0,0.0
4,2026,multinomial_logistic,5839,500,500,2024-08-22 00:00:00,2026-07-31 00:00:00,2.3024198361985344,0.899966939843325,99.99998291339222,False,True,0.30050005069471614,500,0.334,0.084,3.098,14.594,3.82020941834345,8,8,0.26,a11c5a2fdf723937f9bf0cf02257888a9f19f0bc7b113854663beb46309c3136,0.26,3.846,21.662,0.07400000000000001,0.7480000000000002,7.068
4,2026,ordinal_logistic,5839,500,500,2024-08-22 00:00:00,2026-07-31 00:00:00,2.3024186431429694,0.8999666542562867,99.99998656146914,False,True,0.30051066565584506,500,0.326,0.078,3.07,14.146,3.7611168554034586,8,8,0.254,a49a8f4044197aa6d7e9db3803fc148c83341f93d046779438c9fe54c9fe995a,0.26,3.846,21.662,0.066,0.7760000000000002,7.515999999999998
4,2026,dirichlet_w20_a5,5839,500,500,2024-08-22 00:00:00,2026-07-31 00:00:00,,,,,,0.3412,500,0.3,0.098,3.13,14.69,3.83275357934736,8,1,0.288,0d4e2bd8f0e17d63ff0f45ae8d97106b02111f1278e95f30152ef678bf39a68d,0.26,3.846,21.662,0.03999999999999998,0.7160000000000002,6.9719999999999995
4,2026,train_only_constant,5839,500,500,2024-08-22 00:00:00,2026-07-31 00:00:00,,,,,,,500,0.26,0.106,3.846,21.662,4.654245373849557,1,8,1.0,8c531c9ac7d922290af191189b6b610612773a52dfe45f12f6efccdfa8ba5bd1,0.26,3.846,21.662,0.0,0.0,0.0
4,20260802,multinomial_logistic,5839,500,500,2024-08-22 00:00:00,2026-07-31 00:00:00,2.3025220812578646,0.8999873410258938,99.9999886054362,False,True,0.3004660421563687,500,0.34,0.136,3.042,14.798,3.846816865929544,8,8,0.314,f09b6d943feb7751007cf09d47129bf3fd23543d83b8298a7c05247ba9c8fab6,0.26,3.846,21.662,0.08000000000000002,0.8040000000000003,6.863999999999999
4,20260802,ordinal_logistic,5839,500,500,2024-08-22 00:00:00,2026-07-31 00:00:00,2.3025533930789424,0.8999935725172225,99.99998692355982,False,True,0.3004773962033527,500,0.328,0.14,3.058,14.83,3.850973902793941,8,8,0.302,7c03bebba1a000def61d751b662c6b28f99491153c9b619c01d3e1023fb27c9d,0.26,3.846,21.662,0.068,0.7880000000000003,6.831999999999999
4,20260802,dirichlet_w20_a5,5839,500,500,2024-08-22 00:00:00,2026-07-31 00:00:00,,,,,,0.3412,500,0.3,0.098,3.13,14.69,3.83275357934736,8,1,0.288,0d4e2bd8f0e17d63ff0f45ae8d97106b02111f1278e95f30152ef678bf39a68d,0.26,3.846,21.662,0.03999999999999998,0.7160000000000002,6.9719999999999995
4,20260802,train_only_constant,5839,500,500,2024-08-22 00:00:00,2026-07-31 00:00:00,,,,,,,500,0.26,0.106,3.846,21.662,4.654245373849557,1,8,1.0,8c531c9ac7d922290af191189b6b610612773a52dfe45f12f6efccdfa8ba5bd1,0.26,3.846,21.662,0.0,0.0,0.0
