2026/08/01 20:46:26.302, 450256, .runtime-envs/moment/bin/python, 222
2026/08/01 20:46:26.503, 450256, .runtime-envs/moment/bin/python, 222
2026/08/01 20:46:26.703, 450256, .runtime-envs/moment/bin/python, 222
2026/08/01 20:46:26.903, 450256, .runtime-envs/moment/bin/python, 222
2026/08/01 20:46:27.104, 450256, .runtime-envs/moment/bin/python, 222
2026/08/01 20:46:27.304, 450256, .runtime-envs/moment/bin/python, 222
2026/08/01 20:46:27.504, 450256, .runtime-envs/moment/bin/python, 222
2026/08/01 20:46:27.705, 450256, .runtime-envs/moment/bin/python, 222
2026/08/01 20:46:27.906, 450256, .runtime-envs/moment/bin/python, 570
2026/08/01 20:46:28.107, 450256, .runtime-envs/moment/bin/python, 1664
2026/08/01 20:46:28.307, 450256, .runtime-envs/moment/bin/python, 1746
2026/08/01 20:46:28.508, 450256, .runtime-envs/moment/bin/python, 1746
2026/08/01 20:46:28.708, 450256, .runtime-envs/moment/bin/python, 1746
