execution_kind	execution_path	model_id	repo_id	revision	route_status	selected_environment	selected_environment_score	runtime_mapping_status	selected_runtime	environment_candidates
runtime_certifier	scripts/certify_kdpp_fixed_k_runtime.py				UNRESOLVED_EXECUTION_ENVIRONMENT					[]
runtime_certifier	scripts/certify_moirai2_runtime.py				AMBIGUOUS_ROUTE		230			"[{""environment"": ""environments/moirai"", ""reasons"": [""MODEL_FAMILY_MATCH:moirai"", ""ENTRYPOINT_ENV_NAME_MATCH""], ""score"": 230}, {""environment"": ""environments/moirai2-cuda13-experimental"", ""reasons"": [""MODEL_FAMILY_MATCH:moirai"", ""ENTRYPOINT_ENV_NAME_MATCH""], ""score"": 230}, {""environment"": ""environments/moirai2-supported-py311"", ""reasons"": [""MODEL_FAMILY_MATCH:moirai"", ""ENTRYPOINT_ENV_NAME_MATCH""], ""score"": 230}]"
runtime_certifier	scripts/certify_tabpfn_ts_v2_runtime.py				ROUTE_CANDIDATE	environments/tabpfn-ts	230	DIRECT_PROJECT_RUNTIME	/mnt/e/env/ts/loto_forecast_platform/environments/tabpfn-ts/.venv/bin/python	"[{""environment"": ""environments/tabpfn-ts"", ""reasons"": [""MODEL_FAMILY_MATCH:tabpfn"", ""ENTRYPOINT_ENV_NAME_MATCH""], ""score"": 230}]"
runtime_certifier	scripts/certify_toto2_4m_runtime.py				ROUTE_CANDIDATE	environments/toto2-4m-py312	230	EXISTING_RUNTIME_CANDIDATE	/home/az/.local/share/uv/python/cpython-3.12.13-linux-x86_64-gnu/bin/python3.12	"[{""environment"": ""environments/toto2-4m-py312"", ""reasons"": [""MODEL_FAMILY_MATCH:toto"", ""ENTRYPOINT_ENV_NAME_MATCH""], ""score"": 230}]"
certification_runner	scripts/run_auto_frets_runtime_certification.sh				UNRESOLVED_EXECUTION_ENVIRONMENT					[]
certification_runner	scripts/run_auto_segrnn_runtime_certification.sh				UNRESOLVED_EXECUTION_ENVIRONMENT					[]
certification_runner	scripts/run_auto_timellm_runtime_certification.sh				UNRESOLVED_EXECUTION_ENVIRONMENT					[]
provider	scripts/run_autogluon_timeseries_provider.py				ROUTE_CANDIDATE	environments/autogluon-timeseries	230	UNRESOLVED_NO_RUNTIME		"[{""environment"": ""environments/autogluon-timeseries"", ""reasons"": [""MODEL_FAMILY_MATCH:autogluon"", ""ENTRYPOINT_ENV_NAME_MATCH""], ""score"": 230}]"
provider	scripts/run_basicts_provider.py				AMBIGUOUS_ROUTE		230			"[{""environment"": ""environments/basicts-py310"", ""reasons"": [""MODEL_FAMILY_MATCH:basicts"", ""ENTRYPOINT_ENV_NAME_MATCH""], ""score"": 230}, {""environment"": ""environments/basicts-py311"", ""reasons"": [""MODEL_FAMILY_MATCH:basicts"", ""ENTRYPOINT_ENV_NAME_MATCH""], ""score"": 230}]"
provider	scripts/run_chronos2_provider.py				ROUTE_CANDIDATE	environments/chronos2-py313	230	DIRECT_PROJECT_RUNTIME	/mnt/e/env/ts/loto_forecast_platform/environments/chronos2-py313/.venv/bin/python	"[{""environment"": ""environments/chronos2-py313"", ""reasons"": [""MODEL_FAMILY_MATCH:chronos"", ""ENTRYPOINT_ENV_NAME_MATCH""], ""score"": 230}]"
provider	scripts/run_chronos_2_provider.py	chronos-2	amazon/chronos-2	29ec3766d36d6f73f0696f85560a422f50e8498c	ROUTE_CANDIDATE	environments/chronos2-py313	230	DIRECT_PROJECT_RUNTIME	/mnt/e/env/ts/loto_forecast_platform/environments/chronos2-py313/.venv/bin/python	"[{""environment"": ""environments/chronos2-py313"", ""reasons"": [""MODEL_FAMILY_MATCH:chronos"", ""ENTRYPOINT_ENV_NAME_MATCH""], ""score"": 230}]"
provider	scripts/run_chronos_bolt_provider.py	chronos-bolt-tiny	amazon/chronos-bolt-tiny	a0e552de83495b5c28c14c71c374f3e33280b340	ROUTE_CANDIDATE	environments/chronos2-py313	80	DIRECT_PROJECT_RUNTIME	/mnt/e/env/ts/loto_forecast_platform/environments/chronos2-py313/.venv/bin/python	"[{""environment"": ""environments/chronos2-py313"", ""reasons"": [""MODEL_FAMILY_MATCH:chronos""], ""score"": 80}]"
provider	scripts/run_chronos_t5_base_provider.py	chronos-t5-base	amazon/chronos-t5-base	ad294eaacead15db499b740ea4122266dd2a81a2	ROUTE_CANDIDATE	environments/chronos2-py313	80	DIRECT_PROJECT_RUNTIME	/mnt/e/env/ts/loto_forecast_platform/environments/chronos2-py313/.venv/bin/python	"[{""environment"": ""environments/chronos2-py313"", ""reasons"": [""MODEL_FAMILY_MATCH:chronos""], ""score"": 80}]"
provider	scripts/run_chronos_t5_provider.py	chronos-t5-small	amazon/chronos-t5-small	a971ba21945c4f1796b17a91fe69214b5f4ad472	ROUTE_CANDIDATE	environments/chronos2-py313	80	DIRECT_PROJECT_RUNTIME	/mnt/e/env/ts/loto_forecast_platform/environments/chronos2-py313/.venv/bin/python	"[{""environment"": ""environments/chronos2-py313"", ""reasons"": [""MODEL_FAMILY_MATCH:chronos""], ""score"": 80}]"
provider	scripts/run_darts_provider.py				AMBIGUOUS_ROUTE		230			"[{""environment"": ""environments/darts-notorch"", ""reasons"": [""MODEL_FAMILY_MATCH:darts"", ""ENTRYPOINT_ENV_NAME_MATCH""], ""score"": 230}, {""environment"": ""environments/darts-torch"", ""reasons"": [""MODEL_FAMILY_MATCH:darts"", ""ENTRYPOINT_ENV_NAME_MATCH""], ""score"": 230}]"
provider	scripts/run_granite_flowstate_r1_provider.py	granite-flowstate-r1	ibm-granite/granite-timeseries-flowstate-r1	05effc6cb39ee16dce9dd0064ed1a76e4b8ff464	ROUTE_CANDIDATE	environments/granite-ttm	80	UNRESOLVED_NO_RUNTIME		"[{""environment"": ""environments/granite-ttm"", ""reasons"": [""MODEL_FAMILY_MATCH:granite""], ""score"": 80}]"
provider	scripts/run_granite_ttm_provider.py		ibm-granite/granite-timeseries-ttm-r2		ROUTE_CANDIDATE	environments/granite-ttm	230	UNRESOLVED_NO_RUNTIME		"[{""environment"": ""environments/granite-ttm"", ""reasons"": [""MODEL_FAMILY_MATCH:granite"", ""ENTRYPOINT_ENV_NAME_MATCH""], ""score"": 230}]"
provider	scripts/run_kronos_base_provider.py	kronos-base	NeoQuasar/Kronos-base	2b554741eca47781b64468546e77fef3e85130e6	UNRESOLVED_EXECUTION_ENVIRONMENT					[]
provider	scripts/run_lag_llama_provider.py	lag-llama	time-series-foundation-models/Lag-Llama	72dcfc29da106acfe38250a60f4ae29d1e56a3d9	AMBIGUOUS_ROUTE		80			"[{""environment"": ""environments/gluonts-compat"", ""reasons"": [""MODEL_FAMILY_MATCH:gluonts""], ""score"": 80}, {""environment"": ""environments/gluonts-latest"", ""reasons"": [""MODEL_FAMILY_MATCH:gluonts""], ""score"": 80}, {""environment"": ""environments/moirai"", ""reasons"": [""MODEL_FAMILY_MATCH:gluonts""], ""score"": 80}, {""environment"": ""environments/moirai2-cuda13-experimental"", ""reasons"": [""MODEL_FAMILY_MATCH:gluonts""], ""score"": 80}, {""environment"": ""environments/moirai2-supported-py311"", ""reasons"": [""MODEL_FAMILY_MATCH:gluonts""], ""score"": 80}, {""environment"": ""environments/tabpfn-ts"", ""reasons"": [""MODEL_FAMILY_MATCH:gluonts""], ""score"": 80}]"
certification_runner	scripts/run_merlion_core_certification.sh				EXPLICIT_ROUTE	environments/merlion-core-py311	1230	UNRESOLVED_NO_RUNTIME		"[{""environment"": ""environments/merlion-core-py311"", ""reasons"": [""EXPLICIT_SOURCE_ENVIRONMENT_REFERENCE"", ""MODEL_FAMILY_MATCH:merlion"", ""ENTRYPOINT_ENV_NAME_MATCH""], ""score"": 1230}]"
provider	scripts/run_merlion_provider.py				ROUTE_CANDIDATE	environments/merlion-core-py311	80	UNRESOLVED_NO_RUNTIME		"[{""environment"": ""environments/merlion-core-py311"", ""reasons"": [""MODEL_FAMILY_MATCH:merlion""], ""score"": 80}]"
provider	scripts/run_moirai2_provider.py				AMBIGUOUS_ROUTE		310			"[{""environment"": ""environments/moirai"", ""reasons"": [""MODEL_FAMILY_MATCH:gluonts,moirai"", ""ENTRYPOINT_ENV_NAME_MATCH""], ""score"": 310}, {""environment"": ""environments/moirai2-cuda13-experimental"", ""reasons"": [""MODEL_FAMILY_MATCH:gluonts,moirai"", ""ENTRYPOINT_ENV_NAME_MATCH""], ""score"": 310}, {""environment"": ""environments/moirai2-supported-py311"", ""reasons"": [""MODEL_FAMILY_MATCH:gluonts,moirai"", ""ENTRYPOINT_ENV_NAME_MATCH""], ""score"": 310}, {""environment"": ""environments/gluonts-compat"", ""reasons"": [""MODEL_FAMILY_MATCH:gluonts""], ""score"": 80}, {""environment"": ""environments/gluonts-latest"", ""reasons"": [""MODEL_FAMILY_MATCH:gluonts""], ""score"": 80}, {""environment"": ""environments/tabpfn-ts"", ""reasons"": [""MODEL_FAMILY_MATCH:gluonts""], ""score"": 80}]"
provider	scripts/run_moirai_provider.py		Salesforce/moirai-2.0-R-small	30f43ff08c8494f4943ae1521e9d4e94a0fbb389	ROUTE_CANDIDATE	environments/moirai	310	EXISTING_RUNTIME_CANDIDATE	/home/az/.local/share/uv/python/cpython-3.11.14-linux-x86_64-gnu/bin/python3.11	"[{""environment"": ""environments/moirai"", ""reasons"": [""MODEL_FAMILY_MATCH:gluonts,moirai"", ""ENTRYPOINT_ENV_NAME_MATCH""], ""score"": 310}, {""environment"": ""environments/moirai2-cuda13-experimental"", ""reasons"": [""MODEL_FAMILY_MATCH:gluonts,moirai""], ""score"": 160}, {""environment"": ""environments/moirai2-supported-py311"", ""reasons"": [""MODEL_FAMILY_MATCH:gluonts,moirai""], ""score"": 160}, {""environment"": ""environments/gluonts-compat"", ""reasons"": [""MODEL_FAMILY_MATCH:gluonts""], ""score"": 80}, {""environment"": ""environments/gluonts-latest"", ""reasons"": [""MODEL_FAMILY_MATCH:gluonts""], ""score"": 80}, {""environment"": ""environments/tabpfn-ts"", ""reasons"": [""MODEL_FAMILY_MATCH:gluonts""], ""score"": 80}]"
provider	scripts/run_moment_1_large_provider.py	moment-1-large	AutonLab/MOMENT-1-large	ca58581bc7bea2ebed4e80dc0a3e4b8b609c6ecc	UNRESOLVED_EXECUTION_ENVIRONMENT					[]
provider	scripts/run_moment_1_small_provider.py	moment-1-small	AutonLab/MOMENT-1-small	411e288267f82cce86296dbe4d6c8bc533cc162f	UNRESOLVED_EXECUTION_ENVIRONMENT					[]
certification_runner	scripts/run_sktime_p0_certification.sh				EXPLICIT_ROUTE	environments/sktime-core-py313	1080	DIRECT_PROJECT_RUNTIME	/mnt/e/env/ts/loto_forecast_platform/environments/sktime-core-py313/.venv/bin/python	"[{""environment"": ""environments/sktime-core-py313"", ""reasons"": [""EXPLICIT_SOURCE_ENVIRONMENT_REFERENCE"", ""MODEL_FAMILY_MATCH:sktime""], ""score"": 1080}, {""environment"": ""environments/sktime-classic-py312"", ""reasons"": [""MODEL_FAMILY_MATCH:sktime""], ""score"": 80}]"
certification_runner	scripts/run_sktime_p10_certification.sh				EXPLICIT_ROUTE	environments/sktime-classic-py312	1080	DIRECT_PROJECT_RUNTIME	/mnt/e/env/ts/loto_forecast_platform/environments/sktime-classic-py312/.venv/bin/python	"[{""environment"": ""environments/sktime-classic-py312"", ""reasons"": [""EXPLICIT_SOURCE_ENVIRONMENT_REFERENCE"", ""MODEL_FAMILY_MATCH:sktime""], ""score"": 1080}, {""environment"": ""environments/sktime-core-py313"", ""reasons"": [""MODEL_FAMILY_MATCH:sktime""], ""score"": 80}]"
certification_runner	scripts/run_sktime_p11_certification.sh				EXPLICIT_ROUTE	environments/sktime-classic-py312	1080	DIRECT_PROJECT_RUNTIME	/mnt/e/env/ts/loto_forecast_platform/environments/sktime-classic-py312/.venv/bin/python	"[{""environment"": ""environments/sktime-classic-py312"", ""reasons"": [""EXPLICIT_SOURCE_ENVIRONMENT_REFERENCE"", ""MODEL_FAMILY_MATCH:sktime""], ""score"": 1080}, {""environment"": ""environments/sktime-core-py313"", ""reasons"": [""MODEL_FAMILY_MATCH:sktime""], ""score"": 80}]"
certification_runner	scripts/run_sktime_p1_matrix_certification.sh				EXPLICIT_ROUTE	environments/sktime-classic-py312	1080	DIRECT_PROJECT_RUNTIME	/mnt/e/env/ts/loto_forecast_platform/environments/sktime-classic-py312/.venv/bin/python	"[{""environment"": ""environments/sktime-classic-py312"", ""reasons"": [""EXPLICIT_SOURCE_ENVIRONMENT_REFERENCE"", ""MODEL_FAMILY_MATCH:sktime""], ""score"": 1080}, {""environment"": ""environments/sktime-core-py313"", ""reasons"": [""MODEL_FAMILY_MATCH:sktime""], ""score"": 80}]"
certification_runner	scripts/run_sktime_p2_certification.sh				EXPLICIT_ROUTE	environments/sktime-classic-py312	1080	DIRECT_PROJECT_RUNTIME	/mnt/e/env/ts/loto_forecast_platform/environments/sktime-classic-py312/.venv/bin/python	"[{""environment"": ""environments/sktime-classic-py312"", ""reasons"": [""EXPLICIT_SOURCE_ENVIRONMENT_REFERENCE"", ""MODEL_FAMILY_MATCH:sktime""], ""score"": 1080}, {""environment"": ""environments/sktime-core-py313"", ""reasons"": [""MODEL_FAMILY_MATCH:sktime""], ""score"": 80}]"
certification_runner	scripts/run_sktime_p3_certification.sh				EXPLICIT_ROUTE	environments/sktime-classic-py312	1080	DIRECT_PROJECT_RUNTIME	/mnt/e/env/ts/loto_forecast_platform/environments/sktime-classic-py312/.venv/bin/python	"[{""environment"": ""environments/sktime-classic-py312"", ""reasons"": [""EXPLICIT_SOURCE_ENVIRONMENT_REFERENCE"", ""MODEL_FAMILY_MATCH:sktime""], ""score"": 1080}, {""environment"": ""environments/sktime-core-py313"", ""reasons"": [""MODEL_FAMILY_MATCH:sktime""], ""score"": 80}]"
certification_runner	scripts/run_sktime_p4_certification.sh				EXPLICIT_ROUTE	environments/sktime-classic-py312	1080	DIRECT_PROJECT_RUNTIME	/mnt/e/env/ts/loto_forecast_platform/environments/sktime-classic-py312/.venv/bin/python	"[{""environment"": ""environments/sktime-classic-py312"", ""reasons"": [""EXPLICIT_SOURCE_ENVIRONMENT_REFERENCE"", ""MODEL_FAMILY_MATCH:sktime""], ""score"": 1080}, {""environment"": ""environments/sktime-core-py313"", ""reasons"": [""MODEL_FAMILY_MATCH:sktime""], ""score"": 80}]"
certification_runner	scripts/run_sktime_p5_lock_certification.sh				EXPLICIT_ROUTE	environments/sktime-classic-py312	1080	DIRECT_PROJECT_RUNTIME	/mnt/e/env/ts/loto_forecast_platform/environments/sktime-classic-py312/.venv/bin/python	"[{""environment"": ""environments/sktime-classic-py312"", ""reasons"": [""EXPLICIT_SOURCE_ENVIRONMENT_REFERENCE"", ""MODEL_FAMILY_MATCH:sktime""], ""score"": 1080}, {""environment"": ""environments/sktime-core-py313"", ""reasons"": [""MODEL_FAMILY_MATCH:sktime""], ""score"": 80}]"
certification_runner	scripts/run_sktime_p5_monitor_certification.sh				EXPLICIT_ROUTE	environments/sktime-classic-py312	1080	DIRECT_PROJECT_RUNTIME	/mnt/e/env/ts/loto_forecast_platform/environments/sktime-classic-py312/.venv/bin/python	"[{""environment"": ""environments/sktime-classic-py312"", ""reasons"": [""EXPLICIT_SOURCE_ENVIRONMENT_REFERENCE"", ""MODEL_FAMILY_MATCH:sktime""], ""score"": 1080}, {""environment"": ""environments/sktime-core-py313"", ""reasons"": [""MODEL_FAMILY_MATCH:sktime""], ""score"": 80}]"
certification_runner	scripts/run_sktime_p6_certification.sh				EXPLICIT_ROUTE	environments/sktime-classic-py312	1080	DIRECT_PROJECT_RUNTIME	/mnt/e/env/ts/loto_forecast_platform/environments/sktime-classic-py312/.venv/bin/python	"[{""environment"": ""environments/sktime-classic-py312"", ""reasons"": [""EXPLICIT_SOURCE_ENVIRONMENT_REFERENCE"", ""MODEL_FAMILY_MATCH:sktime""], ""score"": 1080}, {""environment"": ""environments/sktime-core-py313"", ""reasons"": [""MODEL_FAMILY_MATCH:sktime""], ""score"": 80}]"
certification_runner	scripts/run_sktime_p7_certification.sh				EXPLICIT_ROUTE	environments/sktime-classic-py312	1080	DIRECT_PROJECT_RUNTIME	/mnt/e/env/ts/loto_forecast_platform/environments/sktime-classic-py312/.venv/bin/python	"[{""environment"": ""environments/sktime-classic-py312"", ""reasons"": [""EXPLICIT_SOURCE_ENVIRONMENT_REFERENCE"", ""MODEL_FAMILY_MATCH:sktime""], ""score"": 1080}, {""environment"": ""environments/sktime-core-py313"", ""reasons"": [""MODEL_FAMILY_MATCH:sktime""], ""score"": 80}]"
certification_runner	scripts/run_sktime_p8_certification.sh				EXPLICIT_ROUTE	environments/sktime-classic-py312	1080	DIRECT_PROJECT_RUNTIME	/mnt/e/env/ts/loto_forecast_platform/environments/sktime-classic-py312/.venv/bin/python	"[{""environment"": ""environments/sktime-classic-py312"", ""reasons"": [""EXPLICIT_SOURCE_ENVIRONMENT_REFERENCE"", ""MODEL_FAMILY_MATCH:sktime""], ""score"": 1080}, {""environment"": ""environments/sktime-core-py313"", ""reasons"": [""MODEL_FAMILY_MATCH:sktime""], ""score"": 80}]"
certification_runner	scripts/run_sktime_p9_certification.sh				EXPLICIT_ROUTE	environments/sktime-classic-py312	1080	DIRECT_PROJECT_RUNTIME	/mnt/e/env/ts/loto_forecast_platform/environments/sktime-classic-py312/.venv/bin/python	"[{""environment"": ""environments/sktime-classic-py312"", ""reasons"": [""EXPLICIT_SOURCE_ENVIRONMENT_REFERENCE"", ""MODEL_FAMILY_MATCH:sktime""], ""score"": 1080}, {""environment"": ""environments/sktime-core-py313"", ""reasons"": [""MODEL_FAMILY_MATCH:sktime""], ""score"": 80}]"
provider	scripts/run_sktime_provider.py				AMBIGUOUS_ROUTE		80			"[{""environment"": ""environments/sktime-classic-py312"", ""reasons"": [""MODEL_FAMILY_MATCH:sktime""], ""score"": 80}, {""environment"": ""environments/sktime-core-py313"", ""reasons"": [""MODEL_FAMILY_MATCH:sktime""], ""score"": 80}]"
provider	scripts/run_sundial_provider.py		thuml/sundial-base-128m	3212e42564493f520593e5414af4367fc4b49226	ROUTE_CANDIDATE	environments/sundial	230	UNRESOLVED_NO_RUNTIME		"[{""environment"": ""environments/sundial"", ""reasons"": [""MODEL_FAMILY_MATCH:sundial"", ""ENTRYPOINT_ENV_NAME_MATCH""], ""score"": 230}]"
certification_runner	scripts/run_sundial_provider_v2_certification.sh				EXPLICIT_ROUTE	environments/sundial	1230	UNRESOLVED_NO_RUNTIME		"[{""environment"": ""environments/sundial"", ""reasons"": [""EXPLICIT_SOURCE_ENVIRONMENT_REFERENCE"", ""MODEL_FAMILY_MATCH:sundial"", ""ENTRYPOINT_ENV_NAME_MATCH""], ""score"": 1230}]"
provider	scripts/run_tabpfn_ts_provider.py		Prior-Labs/TabPFN-v2-reg	4972a65a1b30806315c6f92499959ffbfc69a673	ROUTE_CANDIDATE	environments/tabpfn-ts	230	DIRECT_PROJECT_RUNTIME	/mnt/e/env/ts/loto_forecast_platform/environments/tabpfn-ts/.venv/bin/python	"[{""environment"": ""environments/tabpfn-ts"", ""reasons"": [""MODEL_FAMILY_MATCH:tabpfn"", ""ENTRYPOINT_ENV_NAME_MATCH""], ""score"": 230}]"
provider	scripts/run_tabpfn_ts_v2_certified_provider.py				ROUTE_CANDIDATE	environments/tabpfn-ts	230	DIRECT_PROJECT_RUNTIME	/mnt/e/env/ts/loto_forecast_platform/environments/tabpfn-ts/.venv/bin/python	"[{""environment"": ""environments/tabpfn-ts"", ""reasons"": [""MODEL_FAMILY_MATCH:tabpfn"", ""ENTRYPOINT_ENV_NAME_MATCH""], ""score"": 230}]"
certification_runner	scripts/run_tabpfn_ts_v2_target_host_certification.sh				ROUTE_CANDIDATE	environments/tabpfn-ts	230	DIRECT_PROJECT_RUNTIME	/mnt/e/env/ts/loto_forecast_platform/environments/tabpfn-ts/.venv/bin/python	"[{""environment"": ""environments/tabpfn-ts"", ""reasons"": [""MODEL_FAMILY_MATCH:tabpfn"", ""ENTRYPOINT_ENV_NAME_MATCH""], ""score"": 230}]"
provider	scripts/run_time_series_library_provider.py				ROUTE_CANDIDATE	environments/tslib-core	80	UNRESOLVED_NO_RUNTIME		"[{""environment"": ""environments/tslib-core"", ""reasons"": [""MODEL_FAMILY_MATCH:tslib""], ""score"": 80}]"
provider	scripts/run_timer_base_84m_provider.py				ROUTE_CANDIDATE	environments/timer-base-84m-supported-py310	230	EXISTING_RUNTIME_CANDIDATE	/home/az/.local/share/uv/python/cpython-3.10.19-linux-x86_64-gnu/bin/python3.10	"[{""environment"": ""environments/timer-base-84m-supported-py310"", ""reasons"": [""MODEL_FAMILY_MATCH:timer"", ""ENTRYPOINT_ENV_NAME_MATCH""], ""score"": 230}, {""environment"": ""environments/timer-s1-py311"", ""reasons"": [""MODEL_FAMILY_MATCH:timer""], ""score"": 80}]"
provider	scripts/run_timer_s1_provider.py				ROUTE_CANDIDATE	environments/timer-s1-py311	230	EXISTING_RUNTIME_CANDIDATE	/home/az/.local/share/uv/python/cpython-3.10.19-linux-x86_64-gnu/bin/python3.10	"[{""environment"": ""environments/timer-s1-py311"", ""reasons"": [""MODEL_FAMILY_MATCH:timer"", ""ENTRYPOINT_ENV_NAME_MATCH""], ""score"": 230}, {""environment"": ""environments/timer-base-84m-supported-py310"", ""reasons"": [""MODEL_FAMILY_MATCH:timer""], ""score"": 80}]"
provider	scripts/run_timesfm25_provider.py				AMBIGUOUS_ROUTE		230			"[{""environment"": ""environments/timesfm"", ""reasons"": [""MODEL_FAMILY_MATCH:timesfm"", ""ENTRYPOINT_ENV_NAME_MATCH""], ""score"": 230}, {""environment"": ""environments/timesfm25-transformers"", ""reasons"": [""MODEL_FAMILY_MATCH:timesfm"", ""ENTRYPOINT_ENV_NAME_MATCH""], ""score"": 230}, {""environment"": ""environments/timesfm25-pytorch"", ""reasons"": [""MODEL_FAMILY_MATCH:timesfm""], ""score"": 80}, {""environment"": ""environments/timesfm25-pytorch-source"", ""reasons"": [""MODEL_FAMILY_MATCH:timesfm""], ""score"": 80}]"
provider	scripts/run_timesfm_2_5_transformers_provider.py	timesfm-2.5-transformers	google/timesfm-2.5-200m-transformers	5a9806b9b291fad9233b5249d88263f1846304d3	AMBIGUOUS_ROUTE		230			"[{""environment"": ""environments/timesfm"", ""reasons"": [""MODEL_FAMILY_MATCH:timesfm"", ""ENTRYPOINT_ENV_NAME_MATCH""], ""score"": 230}, {""environment"": ""environments/timesfm25-transformers"", ""reasons"": [""MODEL_FAMILY_MATCH:timesfm"", ""ENTRYPOINT_ENV_NAME_MATCH""], ""score"": 230}, {""environment"": ""environments/timesfm25-pytorch"", ""reasons"": [""MODEL_FAMILY_MATCH:timesfm""], ""score"": 80}, {""environment"": ""environments/timesfm25-pytorch-source"", ""reasons"": [""MODEL_FAMILY_MATCH:timesfm""], ""score"": 80}]"
provider	scripts/run_timesfm_provider.py		google/timesfm-2.5-200m-pytorch		ROUTE_CANDIDATE	environments/timesfm	230	EXISTING_RUNTIME_CANDIDATE	/home/az/.local/share/uv/python/cpython-3.13.13-linux-x86_64-gnu/bin/python3.13	"[{""environment"": ""environments/timesfm"", ""reasons"": [""MODEL_FAMILY_MATCH:timesfm"", ""ENTRYPOINT_ENV_NAME_MATCH""], ""score"": 230}, {""environment"": ""environments/timesfm25-pytorch"", ""reasons"": [""MODEL_FAMILY_MATCH:timesfm""], ""score"": 80}, {""environment"": ""environments/timesfm25-pytorch-source"", ""reasons"": [""MODEL_FAMILY_MATCH:timesfm""], ""score"": 80}, {""environment"": ""environments/timesfm25-transformers"", ""reasons"": [""MODEL_FAMILY_MATCH:timesfm""], ""score"": 80}]"
provider	scripts/run_tirex2_provider.py				AMBIGUOUS_ROUTE		230			"[{""environment"": ""environments/tirex"", ""reasons"": [""MODEL_FAMILY_MATCH:tirex"", ""ENTRYPOINT_ENV_NAME_MATCH""], ""score"": 230}, {""environment"": ""environments/tirex2-supported-py312"", ""reasons"": [""MODEL_FAMILY_MATCH:tirex"", ""ENTRYPOINT_ENV_NAME_MATCH""], ""score"": 230}]"
provider	scripts/run_tirex_provider.py		NX-AI/TiRex-2	05e5b26db52bfb256f1ae1bdf785589850482de3	ROUTE_CANDIDATE	environments/tirex	230	UNRESOLVED_NO_RUNTIME		"[{""environment"": ""environments/tirex"", ""reasons"": [""MODEL_FAMILY_MATCH:tirex"", ""ENTRYPOINT_ENV_NAME_MATCH""], ""score"": 230}, {""environment"": ""environments/tirex2-supported-py312"", ""reasons"": [""MODEL_FAMILY_MATCH:tirex""], ""score"": 80}]"
provider	scripts/run_toto2_4m_provider.py				ROUTE_CANDIDATE	environments/toto2-4m-py312	230	EXISTING_RUNTIME_CANDIDATE	/home/az/.local/share/uv/python/cpython-3.12.13-linux-x86_64-gnu/bin/python3.12	"[{""environment"": ""environments/toto2-4m-py312"", ""reasons"": [""MODEL_FAMILY_MATCH:toto"", ""ENTRYPOINT_ENV_NAME_MATCH""], ""score"": 230}]"
provider	scripts/run_toto_2_0_4m_provider.py	toto-2.0-4m	Datadog/Toto-2.0-4m	8306a9801cf98c0f5ffe4b2dcc8f496e616d84d9	ROUTE_CANDIDATE	environments/toto2-4m-py312	80	EXISTING_RUNTIME_CANDIDATE	/home/az/.local/share/uv/python/cpython-3.12.13-linux-x86_64-gnu/bin/python3.12	"[{""environment"": ""environments/toto2-4m-py312"", ""reasons"": [""MODEL_FAMILY_MATCH:toto""], ""score"": 80}]"
provider	scripts/run_toto_open_base_provider.py	toto-open-base	Datadog/Toto-Open-Base-1.0	0411ceb27bdf7fc3e4892e99edc8ad08192dc3c5	ROUTE_CANDIDATE	environments/toto2-4m-py312	80	EXISTING_RUNTIME_CANDIDATE	/home/az/.local/share/uv/python/cpython-3.12.13-linux-x86_64-gnu/bin/python3.12	"[{""environment"": ""environments/toto2-4m-py312"", ""reasons"": [""MODEL_FAMILY_MATCH:toto""], ""score"": 80}]"
