2026/08/01 18:05:43.875, 870305, /mnt/e/env/ts/loto_forecast_platform/environments/autogluon-timeseries/.venv/bin/python, 288
2026/08/01 18:05:43.994, 870305, /mnt/e/env/ts/loto_forecast_platform/environments/autogluon-timeseries/.venv/bin/python, 346
2026/08/01 18:05:44.113, 870305, /mnt/e/env/ts/loto_forecast_platform/environments/autogluon-timeseries/.venv/bin/python, 348
2026/08/01 18:05:44.232, 870305, /mnt/e/env/ts/loto_forecast_platform/environments/autogluon-timeseries/.venv/bin/python, 348
2026/08/01 18:05:44.351, 870305, /mnt/e/env/ts/loto_forecast_platform/environments/autogluon-timeseries/.venv/bin/python, 348
2026/08/01 18:05:44.469, 870305, /mnt/e/env/ts/loto_forecast_platform/environments/autogluon-timeseries/.venv/bin/python, 348
2026/08/01 18:05:44.589, 870305, /mnt/e/env/ts/loto_forecast_platform/environments/autogluon-timeseries/.venv/bin/python, 348
2026/08/01 18:05:44.706, 870305, /mnt/e/env/ts/loto_forecast_platform/environments/autogluon-timeseries/.venv/bin/python, 348
2026/08/01 18:05:44.823, 870305, /mnt/e/env/ts/loto_forecast_platform/environments/autogluon-timeseries/.venv/bin/python, 348
2026/08/01 18:05:44.950, 870305, [No data], 348
2026/08/01 18:05:45.073, 870305, [No data], 348
