surface	model_id	implementation_id	algorithm_id	family	library	class_name	source_kind	execution_surface	canonical_v1_model_id	source_alias	source_version	source_revision	evidence_class	evidence_revision	artifact_id	artifact_revision	artifact_sha256	routability	runtime_status	runtime_certified	capabilities	notes
expanded_v2	uniform	uniform	uniformcandidateadapter	theory	builtin	UniformCandidateAdapter	broad_v1	broad_v1	uniform				SOURCE_DECLARED					UNKNOWN	NOT_RUN	False	"[""probability"", ""ranking"", ""control""]"	exact theoretical uniform; mandatory control
expanded_v2	frequency	frequency	frequencycandidateadapter	frequency	builtin	FrequencyCandidateAdapter	broad_v1	broad_v1	frequency				SOURCE_DECLARED					UNKNOWN	NOT_RUN	False	"[""probability"", ""ranking""]"	
expanded_v2	position-median	position-median	theorymedianadapter	theory	builtin	TheoryMedianAdapter	broad_v1	broad_v1	position-median				SOURCE_DECLARED					UNKNOWN	NOT_RUN	False	"[""position"", ""control""]"	exact MAE-floor predictor; mandatory control
expanded_v2	position-modal	position-modal	theorymodaladapter	theory	builtin	TheoryModalAdapter	broad_v1	broad_v1	position-modal				SOURCE_DECLARED					UNKNOWN	NOT_RUN	False	"[""position"", ""control""]"	exact within-tau ceiling predictor; mandatory control
expanded_v2	logistic	logistic	logisticregression	linear	sklearn	LogisticRegression	broad_v1	broad_v1	logistic				SOURCE_DECLARED					UNKNOWN	NOT_RUN	False	"[""probability"", ""exogenous""]"	
expanded_v2	ridge	ridge	ridge	linear	sklearn	Ridge	broad_v1	broad_v1	ridge				SOURCE_DECLARED					UNKNOWN	NOT_RUN	False	"[""position"", ""exogenous""]"	
expanded_v2	elastic-net	elastic-net	elasticnet	linear	sklearn	ElasticNet	broad_v1	broad_v1	elastic-net				SOURCE_DECLARED					UNKNOWN	NOT_RUN	False	"[""position"", ""exogenous""]"	
expanded_v2	random-forest	random-forest	randomforestclassifier	tree	sklearn	RandomForestClassifier	broad_v1	broad_v1	random-forest				SOURCE_DECLARED					UNKNOWN	NOT_RUN	False	"[""probability"", ""exogenous""]"	
expanded_v2	extra-trees	extra-trees	extratreesclassifier	tree	sklearn	ExtraTreesClassifier	broad_v1	broad_v1	extra-trees				SOURCE_DECLARED					UNKNOWN	NOT_RUN	False	"[""probability"", ""exogenous""]"	
expanded_v2	hist-gradient-boosting	hist-gradient-boosting	histgradientboostingclassifier	tree	sklearn	HistGradientBoostingClassifier	broad_v1	broad_v1	hist-gradient-boosting				SOURCE_DECLARED					UNKNOWN	NOT_RUN	False	"[""probability"", ""exogenous""]"	
expanded_v2	isotonic-calibrated-logistic	isotonic-calibrated-logistic	calibratedclassifiercv	calibrated	sklearn	CalibratedClassifierCV	broad_v1	broad_v1	isotonic-calibrated-logistic				SOURCE_DECLARED					UNKNOWN	NOT_RUN	False	"[""probability"", ""calibration""]"	wraps logistic; makes the calibration layer measurable
expanded_v2	lightgbm-classifier	lightgbm-classifier	lgbmclassifier	tree	lightgbm	LGBMClassifier	broad_v1	broad_v1	lightgbm-classifier				SOURCE_DECLARED					UNKNOWN	NOT_RUN	False	"[""probability"", ""exogenous""]"	
expanded_v2	lightgbm-position	lightgbm-position	lgbmregressor	tree	lightgbm	LGBMRegressor	broad_v1	broad_v1	lightgbm-position				SOURCE_DECLARED					UNKNOWN	NOT_RUN	False	"[""position"", ""exogenous""]"	
expanded_v2	xgboost-classifier	xgboost-classifier	xgbclassifier	tree	xgboost	XGBClassifier	broad_v1	broad_v1	xgboost-classifier				SOURCE_DECLARED					UNKNOWN	NOT_RUN	False	"[""probability"", ""exogenous""]"	
expanded_v2	catboost-classifier	catboost-classifier	catboostclassifier	tree	catboost	CatBoostClassifier	broad_v1	broad_v1	catboost-classifier				SOURCE_DECLARED					UNKNOWN	NOT_RUN	False	"[""probability"", ""exogenous""]"	
expanded_v2	sf-autoarima	sf-autoarima	autoarima	arima	statsforecast	AutoARIMA	broad_v1	broad_v1	sf-autoarima				SOURCE_DECLARED					UNKNOWN	NOT_RUN	False	"[""position""]"	
expanded_v2	sf-autoets	sf-autoets	autoets	exponential_smoothing	statsforecast	AutoETS	broad_v1	broad_v1	sf-autoets				SOURCE_DECLARED					UNKNOWN	NOT_RUN	False	"[""position""]"	
expanded_v2	sf-autoces	sf-autoces	autoces	exponential_smoothing	statsforecast	AutoCES	broad_v1	broad_v1	sf-autoces				SOURCE_DECLARED					UNKNOWN	NOT_RUN	False	"[""position""]"	
expanded_v2	sf-autotheta	sf-autotheta	autotheta	theta	statsforecast	AutoTheta	broad_v1	broad_v1	sf-autotheta				SOURCE_DECLARED					UNKNOWN	NOT_RUN	False	"[""position""]"	
expanded_v2	sf-automfles	sf-automfles	automfles	decomposition	statsforecast	AutoMFLES	broad_v1	broad_v1	sf-automfles				SOURCE_DECLARED					UNKNOWN	NOT_RUN	False	"[""position""]"	
expanded_v2	sf-autotbats	sf-autotbats	autotbats	decomposition	statsforecast	AutoTBATS	broad_v1	broad_v1	sf-autotbats				SOURCE_DECLARED					UNKNOWN	NOT_RUN	False	"[""position""]"	
expanded_v2	sf-arima	sf-arima	arima	arima	statsforecast	ARIMA	broad_v1	broad_v1	sf-arima				SOURCE_DECLARED					UNKNOWN	NOT_RUN	False	"[""position""]"	
expanded_v2	sf-autoregressive	sf-autoregressive	autoregressive	arima	statsforecast	AutoRegressive	broad_v1	broad_v1	sf-autoregressive				SOURCE_DECLARED					UNKNOWN	NOT_RUN	False	"[""position""]"	
expanded_v2	sf-simpleexponentialsmoothing	sf-simpleexponentialsmoothing	simpleexponentialsmoothing	exponential_smoothing	statsforecast	SimpleExponentialSmoothing	broad_v1	broad_v1	sf-simpleexponentialsmoothing				SOURCE_DECLARED					UNKNOWN	NOT_RUN	False	"[""position""]"	
expanded_v2	sf-simpleexponentialsmoothingoptimized	sf-simpleexponentialsmoothingoptimized	simpleexponentialsmoothingoptimized	exponential_smoothing	statsforecast	SimpleExponentialSmoothingOptimized	broad_v1	broad_v1	sf-simpleexponentialsmoothingoptimized				SOURCE_DECLARED					UNKNOWN	NOT_RUN	False	"[""position""]"	
expanded_v2	sf-seasonalexponentialsmoothing	sf-seasonalexponentialsmoothing	seasonalexponentialsmoothing	exponential_smoothing	statsforecast	SeasonalExponentialSmoothing	broad_v1	broad_v1	sf-seasonalexponentialsmoothing				SOURCE_DECLARED					UNKNOWN	NOT_RUN	False	"[""position""]"	
expanded_v2	sf-seasonalexponentialsmoothingoptimized	sf-seasonalexponentialsmoothingoptimized	seasonalexponentialsmoothingoptimized	exponential_smoothing	statsforecast	SeasonalExponentialSmoothingOptimized	broad_v1	broad_v1	sf-seasonalexponentialsmoothingoptimized				SOURCE_DECLARED					UNKNOWN	NOT_RUN	False	"[""position""]"	
expanded_v2	sf-holt	sf-holt	holt	exponential_smoothing	statsforecast	Holt	broad_v1	broad_v1	sf-holt				SOURCE_DECLARED					UNKNOWN	NOT_RUN	False	"[""position""]"	
expanded_v2	sf-holtwinters	sf-holtwinters	holtwinters	exponential_smoothing	statsforecast	HoltWinters	broad_v1	broad_v1	sf-holtwinters				SOURCE_DECLARED					UNKNOWN	NOT_RUN	False	"[""position""]"	
expanded_v2	sf-historicaverage	sf-historicaverage	historicaverage	baseline	statsforecast	HistoricAverage	broad_v1	broad_v1	sf-historicaverage				SOURCE_DECLARED					UNKNOWN	NOT_RUN	False	"[""position""]"	mandatory control
expanded_v2	sf-naive	sf-naive	naive	baseline	statsforecast	Naive	broad_v1	broad_v1	sf-naive				SOURCE_DECLARED					UNKNOWN	NOT_RUN	False	"[""position""]"	mandatory control
expanded_v2	sf-randomwalkwithdrift	sf-randomwalkwithdrift	randomwalkwithdrift	baseline	statsforecast	RandomWalkWithDrift	broad_v1	broad_v1	sf-randomwalkwithdrift				SOURCE_DECLARED					UNKNOWN	NOT_RUN	False	"[""position""]"	
expanded_v2	sf-seasonalnaive	sf-seasonalnaive	seasonalnaive	baseline	statsforecast	SeasonalNaive	broad_v1	broad_v1	sf-seasonalnaive				SOURCE_DECLARED					UNKNOWN	NOT_RUN	False	"[""position""]"	mandatory control
expanded_v2	sf-conformalseasonalpool	sf-conformalseasonalpool	conformalseasonalpool	conformal	statsforecast	ConformalSeasonalPool	broad_v1	broad_v1	sf-conformalseasonalpool				SOURCE_DECLARED					UNKNOWN	NOT_RUN	False	"[""position"", ""probability""]"	
expanded_v2	sf-windowaverage	sf-windowaverage	windowaverage	baseline	statsforecast	WindowAverage	broad_v1	broad_v1	sf-windowaverage				SOURCE_DECLARED					UNKNOWN	NOT_RUN	False	"[""position""]"	
expanded_v2	sf-seasonalwindowaverage	sf-seasonalwindowaverage	seasonalwindowaverage	baseline	statsforecast	SeasonalWindowAverage	broad_v1	broad_v1	sf-seasonalwindowaverage				SOURCE_DECLARED					UNKNOWN	NOT_RUN	False	"[""position""]"	
expanded_v2	sf-adida	sf-adida	adida	intermittent	statsforecast	ADIDA	broad_v1	broad_v1	sf-adida				SOURCE_DECLARED					UNKNOWN	NOT_RUN	False	"[""position""]"	
expanded_v2	sf-crostonclassic	sf-crostonclassic	crostonclassic	intermittent	statsforecast	CrostonClassic	broad_v1	broad_v1	sf-crostonclassic				SOURCE_DECLARED					UNKNOWN	NOT_RUN	False	"[""position""]"	
expanded_v2	sf-crostonoptimized	sf-crostonoptimized	crostonoptimized	intermittent	statsforecast	CrostonOptimized	broad_v1	broad_v1	sf-crostonoptimized				SOURCE_DECLARED					UNKNOWN	NOT_RUN	False	"[""position""]"	
expanded_v2	sf-crostonsba	sf-crostonsba	crostonsba	intermittent	statsforecast	CrostonSBA	broad_v1	broad_v1	sf-crostonsba				SOURCE_DECLARED					UNKNOWN	NOT_RUN	False	"[""position""]"	
expanded_v2	sf-imapa	sf-imapa	imapa	intermittent	statsforecast	IMAPA	broad_v1	broad_v1	sf-imapa				SOURCE_DECLARED					UNKNOWN	NOT_RUN	False	"[""position""]"	
expanded_v2	sf-tsb	sf-tsb	tsb	intermittent	statsforecast	TSB	broad_v1	broad_v1	sf-tsb				SOURCE_DECLARED					UNKNOWN	NOT_RUN	False	"[""position""]"	
expanded_v2	sf-mstl	sf-mstl	mstl	decomposition	statsforecast	MSTL	broad_v1	broad_v1	sf-mstl				SOURCE_DECLARED					UNKNOWN	NOT_RUN	False	"[""position""]"	
expanded_v2	sf-mfles	sf-mfles	mfles	decomposition	statsforecast	MFLES	broad_v1	broad_v1	sf-mfles				SOURCE_DECLARED					UNKNOWN	NOT_RUN	False	"[""position""]"	
expanded_v2	sf-tbats	sf-tbats	tbats	decomposition	statsforecast	TBATS	broad_v1	broad_v1	sf-tbats				SOURCE_DECLARED					UNKNOWN	NOT_RUN	False	"[""position""]"	
expanded_v2	sf-theta	sf-theta	theta	theta	statsforecast	Theta	broad_v1	broad_v1	sf-theta				SOURCE_DECLARED					UNKNOWN	NOT_RUN	False	"[""position""]"	
expanded_v2	sf-optimizedtheta	sf-optimizedtheta	optimizedtheta	theta	statsforecast	OptimizedTheta	broad_v1	broad_v1	sf-optimizedtheta				SOURCE_DECLARED					UNKNOWN	NOT_RUN	False	"[""position""]"	
expanded_v2	sf-dynamictheta	sf-dynamictheta	dynamictheta	theta	statsforecast	DynamicTheta	broad_v1	broad_v1	sf-dynamictheta				SOURCE_DECLARED					UNKNOWN	NOT_RUN	False	"[""position""]"	
expanded_v2	sf-dynamicoptimizedtheta	sf-dynamicoptimizedtheta	dynamicoptimizedtheta	theta	statsforecast	DynamicOptimizedTheta	broad_v1	broad_v1	sf-dynamicoptimizedtheta				SOURCE_DECLARED					UNKNOWN	NOT_RUN	False	"[""position""]"	
expanded_v2	sf-garch	sf-garch	garch	volatility	statsforecast	GARCH	broad_v1	broad_v1	sf-garch				SOURCE_DECLARED					UNKNOWN	NOT_RUN	False	"[""position""]"	
expanded_v2	sf-arch	sf-arch	arch	volatility	statsforecast	ARCH	broad_v1	broad_v1	sf-arch				SOURCE_DECLARED					UNKNOWN	NOT_RUN	False	"[""position""]"	
expanded_v2	sf-sklearnmodel	sf-sklearnmodel	sklearnmodel	wrapper	statsforecast	SklearnModel	broad_v1	broad_v1	sf-sklearnmodel				SOURCE_DECLARED					UNKNOWN	NOT_RUN	False	"[""position""]"	
expanded_v2	sf-constantmodel	sf-constantmodel	constantmodel	baseline	statsforecast	ConstantModel	broad_v1	broad_v1	sf-constantmodel				SOURCE_DECLARED					UNKNOWN	NOT_RUN	False	"[""position""]"	
expanded_v2	sf-zeromodel	sf-zeromodel	zeromodel	baseline	statsforecast	ZeroModel	broad_v1	broad_v1	sf-zeromodel				SOURCE_DECLARED					UNKNOWN	NOT_RUN	False	"[""position""]"	
expanded_v2	sf-nanmodel	sf-nanmodel	nanmodel	baseline	statsforecast	NaNModel	broad_v1	broad_v1	sf-nanmodel				SOURCE_DECLARED					UNKNOWN	NOT_RUN	False	"[""position""]"	
expanded_v2	sf-ucm	sf-ucm	ucm	decomposition	statsforecast	UCM	broad_v1	broad_v1	sf-ucm				SOURCE_DECLARED					UNKNOWN	NOT_RUN	False	"[""position""]"	
expanded_v2	nf-rnn	nf-rnn	rnn	rnn	neuralforecast	RNN	broad_v1	broad_v1	nf-rnn				SOURCE_DECLARED					UNKNOWN	NOT_RUN	False	"[""position""]"	
expanded_v2	nf-gru	nf-gru	gru	rnn	neuralforecast	GRU	broad_v1	broad_v1	nf-gru				SOURCE_DECLARED					UNKNOWN	NOT_RUN	False	"[""position""]"	
expanded_v2	nf-lstm	nf-lstm	lstm	rnn	neuralforecast	LSTM	broad_v1	broad_v1	nf-lstm				SOURCE_DECLARED					UNKNOWN	NOT_RUN	False	"[""position""]"	
expanded_v2	nf-tcn	nf-tcn	tcn	cnn	neuralforecast	TCN	broad_v1	broad_v1	nf-tcn				SOURCE_DECLARED					UNKNOWN	NOT_RUN	False	"[""position""]"	
expanded_v2	nf-deepar	nf-deepar	deepar	deep_probabilistic	neuralforecast	DeepAR	broad_v1	broad_v1	nf-deepar				SOURCE_DECLARED					UNKNOWN	NOT_RUN	False	"[""position"", ""probability""]"	
expanded_v2	nf-dilatedrnn	nf-dilatedrnn	dilatedrnn	rnn	neuralforecast	DilatedRNN	broad_v1	broad_v1	nf-dilatedrnn				SOURCE_DECLARED					UNKNOWN	NOT_RUN	False	"[""position""]"	
expanded_v2	nf-mlp	nf-mlp	mlp	mlp	neuralforecast	MLP	broad_v1	broad_v1	nf-mlp				SOURCE_DECLARED					UNKNOWN	NOT_RUN	False	"[""position""]"	
expanded_v2	nf-nhits	nf-nhits	nhits	mlp	neuralforecast	NHITS	broad_v1	broad_v1	nf-nhits				SOURCE_DECLARED					UNKNOWN	NOT_RUN	False	"[""position""]"	
expanded_v2	nf-nbeats	nf-nbeats	nbeats	mlp	neuralforecast	NBEATS	broad_v1	broad_v1	nf-nbeats				SOURCE_DECLARED					UNKNOWN	NOT_RUN	False	"[""position""]"	
expanded_v2	nf-nbeatsx	nf-nbeatsx	nbeatsx	mlp	neuralforecast	NBEATSx	broad_v1	broad_v1	nf-nbeatsx				SOURCE_DECLARED					UNKNOWN	NOT_RUN	False	"[""position"", ""exogenous""]"	
expanded_v2	nf-dlinear	nf-dlinear	dlinear	linear	neuralforecast	DLinear	broad_v1	broad_v1	nf-dlinear				SOURCE_DECLARED					UNKNOWN	NOT_RUN	False	"[""position""]"	
expanded_v2	nf-nlinear	nf-nlinear	nlinear	linear	neuralforecast	NLinear	broad_v1	broad_v1	nf-nlinear				SOURCE_DECLARED					UNKNOWN	NOT_RUN	False	"[""position""]"	
expanded_v2	nf-tft	nf-tft	tft	transformer	neuralforecast	TFT	broad_v1	broad_v1	nf-tft				SOURCE_DECLARED					UNKNOWN	NOT_RUN	False	"[""position"", ""exogenous"", ""probability""]"	
expanded_v2	nf-vanillatransformer	nf-vanillatransformer	vanillatransformer	transformer	neuralforecast	VanillaTransformer	broad_v1	broad_v1	nf-vanillatransformer				SOURCE_DECLARED					UNKNOWN	NOT_RUN	False	"[""position""]"	
expanded_v2	nf-informer	nf-informer	informer	transformer	neuralforecast	Informer	broad_v1	broad_v1	nf-informer				SOURCE_DECLARED					UNKNOWN	NOT_RUN	False	"[""position""]"	
expanded_v2	nf-autoformer	nf-autoformer	autoformer	transformer	neuralforecast	Autoformer	broad_v1	broad_v1	nf-autoformer				SOURCE_DECLARED					UNKNOWN	NOT_RUN	False	"[""position""]"	FFT kernel: forces 32-true precision
expanded_v2	nf-patchtst	nf-patchtst	patchtst	transformer	neuralforecast	PatchTST	broad_v1	broad_v1	nf-patchtst				SOURCE_DECLARED					UNKNOWN	NOT_RUN	False	"[""position""]"	
expanded_v2	nf-fedformer	nf-fedformer	fedformer	transformer	neuralforecast	FEDformer	broad_v1	broad_v1	nf-fedformer				SOURCE_DECLARED					UNKNOWN	NOT_RUN	False	"[""position""]"	FFT kernel: forces 32-true precision
expanded_v2	nf-stemgnn	nf-stemgnn	stemgnn	graph	neuralforecast	StemGNN	broad_v1	broad_v1	nf-stemgnn				SOURCE_DECLARED					UNKNOWN	NOT_RUN	False	"[""position"", ""multivariate""]"	
expanded_v2	nf-hint	nf-hint	hint	hierarchical	neuralforecast	HINT	broad_v1	broad_v1	nf-hint				SOURCE_DECLARED					UNKNOWN	NOT_RUN	False	"[""position"", ""probability""]"	
expanded_v2	nf-timesnet	nf-timesnet	timesnet	transformer	neuralforecast	TimesNet	broad_v1	broad_v1	nf-timesnet				SOURCE_DECLARED					UNKNOWN	NOT_RUN	False	"[""position""]"	FFT kernel: forces 32-true precision
expanded_v2	nf-timellm	nf-timellm	timellm	transformer	neuralforecast	TimeLLM	broad_v1	broad_v1	nf-timellm				SOURCE_DECLARED					UNKNOWN	NOT_RUN	False	"[""position""]"	
expanded_v2	nf-tsmixer	nf-tsmixer	tsmixer	mixer	neuralforecast	TSMixer	broad_v1	broad_v1	nf-tsmixer				SOURCE_DECLARED					UNKNOWN	NOT_RUN	False	"[""position"", ""multivariate""]"	
expanded_v2	nf-tsmixerx	nf-tsmixerx	tsmixerx	mixer	neuralforecast	TSMixerx	broad_v1	broad_v1	nf-tsmixerx				SOURCE_DECLARED					UNKNOWN	NOT_RUN	False	"[""position"", ""exogenous"", ""multivariate""]"	
expanded_v2	nf-mlpmultivariate	nf-mlpmultivariate	mlpmultivariate	mlp	neuralforecast	MLPMultivariate	broad_v1	broad_v1	nf-mlpmultivariate				SOURCE_DECLARED					UNKNOWN	NOT_RUN	False	"[""position"", ""multivariate""]"	
expanded_v2	nf-itransformer	nf-itransformer	itransformer	transformer	neuralforecast	iTransformer	broad_v1	broad_v1	nf-itransformer				SOURCE_DECLARED					UNKNOWN	NOT_RUN	False	"[""position"", ""multivariate""]"	
expanded_v2	nf-bitcn	nf-bitcn	bitcn	cnn	neuralforecast	BiTCN	broad_v1	broad_v1	nf-bitcn				SOURCE_DECLARED					UNKNOWN	NOT_RUN	False	"[""position"", ""exogenous""]"	
expanded_v2	nf-tide	nf-tide	tide	mlp	neuralforecast	TiDE	broad_v1	broad_v1	nf-tide				SOURCE_DECLARED					UNKNOWN	NOT_RUN	False	"[""position"", ""exogenous""]"	
expanded_v2	nf-deepnpts	nf-deepnpts	deepnpts	deep_probabilistic	neuralforecast	DeepNPTS	broad_v1	broad_v1	nf-deepnpts				SOURCE_DECLARED					UNKNOWN	NOT_RUN	False	"[""position"", ""probability""]"	
expanded_v2	nf-softs	nf-softs	softs	mixer	neuralforecast	SOFTS	broad_v1	broad_v1	nf-softs				SOURCE_DECLARED					UNKNOWN	NOT_RUN	False	"[""position"", ""multivariate""]"	
expanded_v2	nf-softssharp	nf-softssharp	softssharp	mixer	neuralforecast	SOFTSSharp	broad_v1	broad_v1	nf-softssharp				SOURCE_DECLARED					UNKNOWN	NOT_RUN	False	"[""position"", ""multivariate""]"	
expanded_v2	nf-timemixer	nf-timemixer	timemixer	mixer	neuralforecast	TimeMixer	broad_v1	broad_v1	nf-timemixer				SOURCE_DECLARED					UNKNOWN	NOT_RUN	False	"[""position"", ""multivariate""]"	FFT kernel: forces 32-true precision
expanded_v2	nf-kan	nf-kan	kan	kan	neuralforecast	KAN	broad_v1	broad_v1	nf-kan				SOURCE_DECLARED					UNKNOWN	NOT_RUN	False	"[""position""]"	
expanded_v2	nf-rmok	nf-rmok	rmok	kan	neuralforecast	RMoK	broad_v1	broad_v1	nf-rmok				SOURCE_DECLARED					UNKNOWN	NOT_RUN	False	"[""position"", ""multivariate""]"	
expanded_v2	nf-timexer	nf-timexer	timexer	transformer	neuralforecast	TimeXer	broad_v1	broad_v1	nf-timexer				SOURCE_DECLARED					UNKNOWN	NOT_RUN	False	"[""position"", ""exogenous""]"	
expanded_v2	nf-xlstm	nf-xlstm	xlstm	rnn	neuralforecast	xLSTM	broad_v1	broad_v1	nf-xlstm				SOURCE_DECLARED					UNKNOWN	NOT_RUN	False	"[""position""]"	
expanded_v2	nf-xlinear	nf-xlinear	xlinear	linear	neuralforecast	XLinear	broad_v1	broad_v1	nf-xlinear				SOURCE_DECLARED					UNKNOWN	NOT_RUN	False	"[""position""]"	
expanded_v2	nfauto-rnn	nfauto-rnn	autornn	rnn	neuralforecast_auto	AutoRNN	broad_v1	broad_v1	nfauto-rnn				SOURCE_DECLARED					UNKNOWN	NOT_RUN	False	"[""position"", ""hpo""]"	official AutoModel; backend/search resolved at runtime
expanded_v2	nfauto-lstm	nfauto-lstm	autolstm	rnn	neuralforecast_auto	AutoLSTM	broad_v1	broad_v1	nfauto-lstm				SOURCE_DECLARED					UNKNOWN	NOT_RUN	False	"[""position"", ""hpo""]"	official AutoModel; backend/search resolved at runtime
expanded_v2	nfauto-gru	nfauto-gru	autogru	rnn	neuralforecast_auto	AutoGRU	broad_v1	broad_v1	nfauto-gru				SOURCE_DECLARED					UNKNOWN	NOT_RUN	False	"[""position"", ""hpo""]"	official AutoModel; backend/search resolved at runtime
expanded_v2	nfauto-tcn	nfauto-tcn	autotcn	cnn	neuralforecast_auto	AutoTCN	broad_v1	broad_v1	nfauto-tcn				SOURCE_DECLARED					UNKNOWN	NOT_RUN	False	"[""position"", ""hpo""]"	official AutoModel; backend/search resolved at runtime
expanded_v2	nfauto-deepar	nfauto-deepar	autodeepar	deep_probabilistic	neuralforecast_auto	AutoDeepAR	broad_v1	broad_v1	nfauto-deepar				SOURCE_DECLARED					UNKNOWN	NOT_RUN	False	"[""position"", ""hpo""]"	official AutoModel; backend/search resolved at runtime
expanded_v2	nfauto-dilatedrnn	nfauto-dilatedrnn	autodilatedrnn	rnn	neuralforecast_auto	AutoDilatedRNN	broad_v1	broad_v1	nfauto-dilatedrnn				SOURCE_DECLARED					UNKNOWN	NOT_RUN	False	"[""position"", ""hpo""]"	official AutoModel; backend/search resolved at runtime
expanded_v2	nfauto-bitcn	nfauto-bitcn	autobitcn	cnn	neuralforecast_auto	AutoBiTCN	broad_v1	broad_v1	nfauto-bitcn				SOURCE_DECLARED					UNKNOWN	NOT_RUN	False	"[""position"", ""hpo""]"	official AutoModel; backend/search resolved at runtime
expanded_v2	nfauto-xlstm	nfauto-xlstm	autoxlstm	rnn	neuralforecast_auto	AutoxLSTM	broad_v1	broad_v1	nfauto-xlstm				SOURCE_DECLARED					UNKNOWN	NOT_RUN	False	"[""position"", ""hpo""]"	official AutoModel; backend/search resolved at runtime
expanded_v2	nfauto-mlp	nfauto-mlp	automlp	mlp	neuralforecast_auto	AutoMLP	broad_v1	broad_v1	nfauto-mlp				SOURCE_DECLARED					UNKNOWN	NOT_RUN	False	"[""position"", ""hpo""]"	official AutoModel; backend/search resolved at runtime
expanded_v2	nfauto-nbeats	nfauto-nbeats	autonbeats	mlp	neuralforecast_auto	AutoNBEATS	broad_v1	broad_v1	nfauto-nbeats				SOURCE_DECLARED					UNKNOWN	NOT_RUN	False	"[""position"", ""hpo""]"	official AutoModel; backend/search resolved at runtime
expanded_v2	nfauto-nbeatsx	nfauto-nbeatsx	autonbeatsx	mlp	neuralforecast_auto	AutoNBEATSx	broad_v1	broad_v1	nfauto-nbeatsx				SOURCE_DECLARED					UNKNOWN	NOT_RUN	False	"[""position"", ""hpo""]"	official AutoModel; backend/search resolved at runtime
expanded_v2	nfauto-nhits	nfauto-nhits	autonhits	mlp	neuralforecast_auto	AutoNHITS	broad_v1	broad_v1	nfauto-nhits				SOURCE_DECLARED					UNKNOWN	NOT_RUN	False	"[""position"", ""hpo""]"	official AutoModel; backend/search resolved at runtime
expanded_v2	nfauto-dlinear	nfauto-dlinear	autodlinear	linear	neuralforecast_auto	AutoDLinear	broad_v1	broad_v1	nfauto-dlinear				SOURCE_DECLARED					UNKNOWN	NOT_RUN	False	"[""position"", ""hpo""]"	official AutoModel; backend/search resolved at runtime
expanded_v2	nfauto-nlinear	nfauto-nlinear	autonlinear	linear	neuralforecast_auto	AutoNLinear	broad_v1	broad_v1	nfauto-nlinear				SOURCE_DECLARED					UNKNOWN	NOT_RUN	False	"[""position"", ""hpo""]"	official AutoModel; backend/search resolved at runtime
expanded_v2	nfauto-tide	nfauto-tide	autotide	mlp	neuralforecast_auto	AutoTiDE	broad_v1	broad_v1	nfauto-tide				SOURCE_DECLARED					UNKNOWN	NOT_RUN	False	"[""position"", ""hpo""]"	official AutoModel; backend/search resolved at runtime
expanded_v2	nfauto-deepnpts	nfauto-deepnpts	autodeepnpts	deep_probabilistic	neuralforecast_auto	AutoDeepNPTS	broad_v1	broad_v1	nfauto-deepnpts				SOURCE_DECLARED					UNKNOWN	NOT_RUN	False	"[""position"", ""hpo""]"	official AutoModel; backend/search resolved at runtime
expanded_v2	nfauto-kan	nfauto-kan	autokan	kan	neuralforecast_auto	AutoKAN	broad_v1	broad_v1	nfauto-kan				SOURCE_DECLARED					UNKNOWN	NOT_RUN	False	"[""position"", ""hpo""]"	official AutoModel; backend/search resolved at runtime
expanded_v2	nfauto-tft	nfauto-tft	autotft	transformer	neuralforecast_auto	AutoTFT	broad_v1	broad_v1	nfauto-tft				SOURCE_DECLARED					UNKNOWN	NOT_RUN	False	"[""position"", ""hpo""]"	official AutoModel; backend/search resolved at runtime
expanded_v2	nfauto-vanillatransformer	nfauto-vanillatransformer	autovanillatransformer	transformer	neuralforecast_auto	AutoVanillaTransformer	broad_v1	broad_v1	nfauto-vanillatransformer				SOURCE_DECLARED					UNKNOWN	NOT_RUN	False	"[""position"", ""hpo""]"	official AutoModel; backend/search resolved at runtime
expanded_v2	nfauto-informer	nfauto-informer	autoinformer	transformer	neuralforecast_auto	AutoInformer	broad_v1	broad_v1	nfauto-informer				SOURCE_DECLARED					UNKNOWN	NOT_RUN	False	"[""position"", ""hpo""]"	official AutoModel; backend/search resolved at runtime
expanded_v2	nfauto-autoformer	nfauto-autoformer	autoautoformer	transformer	neuralforecast_auto	AutoAutoformer	broad_v1	broad_v1	nfauto-autoformer				SOURCE_DECLARED					UNKNOWN	NOT_RUN	False	"[""position"", ""hpo""]"	official AutoModel; backend/search resolved at runtime; FFT kernel forces 32-true precision
expanded_v2	nfauto-fedformer	nfauto-fedformer	autofedformer	transformer	neuralforecast_auto	AutoFEDformer	broad_v1	broad_v1	nfauto-fedformer				SOURCE_DECLARED					UNKNOWN	NOT_RUN	False	"[""position"", ""hpo""]"	official AutoModel; backend/search resolved at runtime; FFT kernel forces 32-true precision
expanded_v2	nfauto-patchtst	nfauto-patchtst	autopatchtst	transformer	neuralforecast_auto	AutoPatchTST	broad_v1	broad_v1	nfauto-patchtst				SOURCE_DECLARED					UNKNOWN	NOT_RUN	False	"[""position"", ""hpo""]"	official AutoModel; backend/search resolved at runtime
expanded_v2	nfauto-itransformer	nfauto-itransformer	autoitransformer	transformer	neuralforecast_auto	AutoiTransformer	broad_v1	broad_v1	nfauto-itransformer				SOURCE_DECLARED					UNKNOWN	NOT_RUN	False	"[""position"", ""hpo"", ""multivariate""]"	official AutoModel; backend/search resolved at runtime
expanded_v2	nfauto-timexer	nfauto-timexer	autotimexer	transformer	neuralforecast_auto	AutoTimeXer	broad_v1	broad_v1	nfauto-timexer				SOURCE_DECLARED					UNKNOWN	NOT_RUN	False	"[""position"", ""hpo""]"	official AutoModel; backend/search resolved at runtime
expanded_v2	nfauto-timesnet	nfauto-timesnet	autotimesnet	transformer	neuralforecast_auto	AutoTimesNet	broad_v1	broad_v1	nfauto-timesnet				SOURCE_DECLARED					UNKNOWN	NOT_RUN	False	"[""position"", ""hpo""]"	official AutoModel; backend/search resolved at runtime; FFT kernel forces 32-true precision
expanded_v2	nfauto-stemgnn	nfauto-stemgnn	autostemgnn	graph	neuralforecast_auto	AutoStemGNN	broad_v1	broad_v1	nfauto-stemgnn				SOURCE_DECLARED					UNKNOWN	NOT_RUN	False	"[""position"", ""hpo"", ""multivariate""]"	official AutoModel; backend/search resolved at runtime
expanded_v2	nfauto-hint	nfauto-hint	autohint	hierarchical	neuralforecast_auto	AutoHINT	broad_v1	broad_v1	nfauto-hint				SOURCE_DECLARED					UNKNOWN	NOT_RUN	False	"[""position"", ""hpo""]"	official AutoModel; backend/search resolved at runtime
expanded_v2	nfauto-tsmixer	nfauto-tsmixer	autotsmixer	mixer	neuralforecast_auto	AutoTSMixer	broad_v1	broad_v1	nfauto-tsmixer				SOURCE_DECLARED					UNKNOWN	NOT_RUN	False	"[""position"", ""hpo"", ""multivariate""]"	official AutoModel; backend/search resolved at runtime
expanded_v2	nfauto-tsmixerx	nfauto-tsmixerx	autotsmixerx	mixer	neuralforecast_auto	AutoTSMixerx	broad_v1	broad_v1	nfauto-tsmixerx				SOURCE_DECLARED					UNKNOWN	NOT_RUN	False	"[""position"", ""hpo"", ""multivariate""]"	official AutoModel; backend/search resolved at runtime
expanded_v2	nfauto-mlpmultivariate	nfauto-mlpmultivariate	automlpmultivariate	mlp	neuralforecast_auto	AutoMLPMultivariate	broad_v1	broad_v1	nfauto-mlpmultivariate				SOURCE_DECLARED					UNKNOWN	NOT_RUN	False	"[""position"", ""hpo"", ""multivariate""]"	official AutoModel; backend/search resolved at runtime
expanded_v2	nfauto-softs	nfauto-softs	autosofts	mixer	neuralforecast_auto	AutoSOFTS	broad_v1	broad_v1	nfauto-softs				SOURCE_DECLARED					UNKNOWN	NOT_RUN	False	"[""position"", ""hpo"", ""multivariate""]"	official AutoModel; backend/search resolved at runtime
expanded_v2	nfauto-softssharp	nfauto-softssharp	autosoftssharp	mixer	neuralforecast_auto	AutoSOFTSSharp	broad_v1	broad_v1	nfauto-softssharp				SOURCE_DECLARED					UNKNOWN	NOT_RUN	False	"[""position"", ""hpo"", ""multivariate""]"	official AutoModel; backend/search resolved at runtime
expanded_v2	nfauto-timemixer	nfauto-timemixer	autotimemixer	mixer	neuralforecast_auto	AutoTimeMixer	broad_v1	broad_v1	nfauto-timemixer				SOURCE_DECLARED					UNKNOWN	NOT_RUN	False	"[""position"", ""hpo"", ""multivariate""]"	official AutoModel; backend/search resolved at runtime; FFT kernel forces 32-true precision
expanded_v2	nfauto-rmok	nfauto-rmok	autormok	kan	neuralforecast_auto	AutoRMoK	broad_v1	broad_v1	nfauto-rmok				SOURCE_DECLARED					UNKNOWN	NOT_RUN	False	"[""position"", ""hpo"", ""multivariate""]"	official AutoModel; backend/search resolved at runtime
expanded_v2	nfauto-xlinear	nfauto-xlinear	autoxlinear	linear	neuralforecast_auto	AutoXLinear	broad_v1	broad_v1	nfauto-xlinear				SOURCE_DECLARED					UNKNOWN	NOT_RUN	False	"[""position"", ""hpo""]"	official AutoModel; backend/search resolved at runtime
expanded_v2	mfauto-lightgbm	mfauto-lightgbm	autolightgbm	lag_ml	mlforecast_auto	AutoLightGBM	broad_v1	broad_v1	mfauto-lightgbm				SOURCE_DECLARED					UNKNOWN	NOT_RUN	False	"[""position"", ""exogenous"", ""hpo""]"	AutoMLForecast wrapper with upstream default search space
expanded_v2	mfauto-xgboost	mfauto-xgboost	autoxgboost	lag_ml	mlforecast_auto	AutoXGBoost	broad_v1	broad_v1	mfauto-xgboost				SOURCE_DECLARED					UNKNOWN	NOT_RUN	False	"[""position"", ""exogenous"", ""hpo""]"	AutoMLForecast wrapper with upstream default search space
expanded_v2	mfauto-catboost	mfauto-catboost	autocatboost	lag_ml	mlforecast_auto	AutoCatboost	broad_v1	broad_v1	mfauto-catboost				SOURCE_DECLARED					UNKNOWN	NOT_RUN	False	"[""position"", ""exogenous"", ""hpo""]"	AutoMLForecast wrapper with upstream default search space
expanded_v2	mfauto-linearregression	mfauto-linearregression	autolinearregression	lag_ml	mlforecast_auto	AutoLinearRegression	broad_v1	broad_v1	mfauto-linearregression				SOURCE_DECLARED					UNKNOWN	NOT_RUN	False	"[""position"", ""exogenous"", ""hpo""]"	AutoMLForecast wrapper with upstream default search space
expanded_v2	mfauto-ridge	mfauto-ridge	autoridge	lag_ml	mlforecast_auto	AutoRidge	broad_v1	broad_v1	mfauto-ridge				SOURCE_DECLARED					UNKNOWN	NOT_RUN	False	"[""position"", ""exogenous"", ""hpo""]"	AutoMLForecast wrapper with upstream default search space
expanded_v2	mfauto-lasso	mfauto-lasso	autolasso	lag_ml	mlforecast_auto	AutoLasso	broad_v1	broad_v1	mfauto-lasso				SOURCE_DECLARED					UNKNOWN	NOT_RUN	False	"[""position"", ""exogenous"", ""hpo""]"	AutoMLForecast wrapper with upstream default search space
expanded_v2	mfauto-elasticnet	mfauto-elasticnet	autoelasticnet	lag_ml	mlforecast_auto	AutoElasticNet	broad_v1	broad_v1	mfauto-elasticnet				SOURCE_DECLARED					UNKNOWN	NOT_RUN	False	"[""position"", ""exogenous"", ""hpo""]"	AutoMLForecast wrapper with upstream default search space
expanded_v2	mfauto-randomforest	mfauto-randomforest	autorandomforest	lag_ml	mlforecast_auto	AutoRandomForest	broad_v1	broad_v1	mfauto-randomforest				SOURCE_DECLARED					UNKNOWN	NOT_RUN	False	"[""position"", ""exogenous"", ""hpo""]"	AutoMLForecast wrapper with upstream default search space
expanded_v2	hf-bottomup	hf-bottomup	bottomup	reconciliation	hierarchicalforecast	BottomUp	broad_v1	broad_v1	hf-bottomup				SOURCE_DECLARED					UNKNOWN	NOT_RUN	False	"[""reconciliation"", ""coherence""]"	enforces coherence across the number/decade/parity hierarchy
expanded_v2	hf-bottomupsparse	hf-bottomupsparse	bottomupsparse	reconciliation	hierarchicalforecast	BottomUpSparse	broad_v1	broad_v1	hf-bottomupsparse				SOURCE_DECLARED					UNKNOWN	NOT_RUN	False	"[""reconciliation"", ""coherence""]"	enforces coherence across the number/decade/parity hierarchy
expanded_v2	hf-topdown	hf-topdown	topdown	reconciliation	hierarchicalforecast	TopDown	broad_v1	broad_v1	hf-topdown				SOURCE_DECLARED					UNKNOWN	NOT_RUN	False	"[""reconciliation"", ""coherence""]"	enforces coherence across the number/decade/parity hierarchy
expanded_v2	hf-topdownsparse	hf-topdownsparse	topdownsparse	reconciliation	hierarchicalforecast	TopDownSparse	broad_v1	broad_v1	hf-topdownsparse				SOURCE_DECLARED					UNKNOWN	NOT_RUN	False	"[""reconciliation"", ""coherence""]"	enforces coherence across the number/decade/parity hierarchy
expanded_v2	hf-middleout	hf-middleout	middleout	reconciliation	hierarchicalforecast	MiddleOut	broad_v1	broad_v1	hf-middleout				SOURCE_DECLARED					UNKNOWN	NOT_RUN	False	"[""reconciliation"", ""coherence""]"	enforces coherence across the number/decade/parity hierarchy
expanded_v2	hf-middleoutsparse	hf-middleoutsparse	middleoutsparse	reconciliation	hierarchicalforecast	MiddleOutSparse	broad_v1	broad_v1	hf-middleoutsparse				SOURCE_DECLARED					UNKNOWN	NOT_RUN	False	"[""reconciliation"", ""coherence""]"	enforces coherence across the number/decade/parity hierarchy
expanded_v2	hf-mintrace	hf-mintrace	mintrace	reconciliation	hierarchicalforecast	MinTrace	broad_v1	broad_v1	hf-mintrace				SOURCE_DECLARED					UNKNOWN	NOT_RUN	False	"[""reconciliation"", ""coherence""]"	enforces coherence across the number/decade/parity hierarchy
expanded_v2	hf-mintracesparse	hf-mintracesparse	mintracesparse	reconciliation	hierarchicalforecast	MinTraceSparse	broad_v1	broad_v1	hf-mintracesparse				SOURCE_DECLARED					UNKNOWN	NOT_RUN	False	"[""reconciliation"", ""coherence""]"	enforces coherence across the number/decade/parity hierarchy
expanded_v2	hf-optimalcombination	hf-optimalcombination	optimalcombination	reconciliation	hierarchicalforecast	OptimalCombination	broad_v1	broad_v1	hf-optimalcombination				SOURCE_DECLARED					UNKNOWN	NOT_RUN	False	"[""reconciliation"", ""coherence""]"	enforces coherence across the number/decade/parity hierarchy
expanded_v2	hf-erm	hf-erm	erm	reconciliation	hierarchicalforecast	ERM	broad_v1	broad_v1	hf-erm				SOURCE_DECLARED					UNKNOWN	NOT_RUN	False	"[""reconciliation"", ""coherence""]"	enforces coherence across the number/decade/parity hierarchy
expanded_v2	chronos-2	chronos-2	chronos2pipeline	tsfm	tsfm	Chronos2Pipeline	broad_v1	broad_v1	chronos-2				SOURCE_DECLARED					UNKNOWN	NOT_RUN	False	"[""zero_shot"", ""position"", ""probability""]"	highest-download TSFM; zero-shot, covariate-capable
expanded_v2	chronos-bolt-tiny	chronos-bolt-tiny	chronosboltpipeline	tsfm	tsfm	ChronosBoltPipeline	broad_v1	broad_v1	chronos-bolt-tiny				SOURCE_DECLARED					UNKNOWN	NOT_RUN	False	"[""zero_shot"", ""position"", ""probability""]"	fastest Chronos variant; CPU-viable
expanded_v2	chronos-t5-small	chronos-t5-small	chronospipeline	tsfm	tsfm	ChronosPipeline	broad_v1	broad_v1	chronos-t5-small				SOURCE_DECLARED					UNKNOWN	NOT_RUN	False	"[""zero_shot"", ""position"", ""probability""]"	T5 tokenised Chronos
expanded_v2	chronos-t5-base	chronos-t5-base	chronospipeline	tsfm	tsfm	ChronosPipeline	broad_v1	broad_v1	chronos-t5-base				SOURCE_DECLARED					UNKNOWN	NOT_RUN	False	"[""zero_shot"", ""position"", ""probability""]"	
expanded_v2	timesfm-2.5-transformers	timesfm-2.5-transformers	timesfmmodelforprediction	tsfm	tsfm	TimesFmModelForPrediction	broad_v1	broad_v1	timesfm-2.5-transformers				SOURCE_DECLARED					UNKNOWN	NOT_RUN	False	"[""zero_shot"", ""position""]"	transformers-native; preferred over the -pytorch checkpoint (no trust_remote_code)
expanded_v2	granite-ttm-r2	granite-ttm-r2	tinytimemixerforprediction	tsfm	tsfm	TinyTimeMixerForPrediction	broad_v1	broad_v1	granite-ttm-r2				SOURCE_DECLARED					UNKNOWN	NOT_RUN	False	"[""zero_shot"", ""position""]"	Apache-licensed replacement for ibm-research/ttm-r3 (non-commercial)
expanded_v2	granite-flowstate-r1	granite-flowstate-r1	flowstateforprediction	tsfm	tsfm	FlowStateForPrediction	broad_v1	broad_v1	granite-flowstate-r1				SOURCE_DECLARED					UNKNOWN	NOT_RUN	False	"[""zero_shot"", ""position""]"	9M params; smallest credible zero-shot forecaster
expanded_v2	granite-patchtst	granite-patchtst	patchtstforprediction	tsfm	tsfm	PatchTSTForPrediction	broad_v1	broad_v1	granite-patchtst				SOURCE_DECLARED					UNKNOWN	NOT_RUN	False	"[""zero_shot"", ""position""]"	
expanded_v2	granite-patchtsmixer	granite-patchtsmixer	patchtsmixerforprediction	tsfm	tsfm	PatchTSMixerForPrediction	broad_v1	broad_v1	granite-patchtsmixer				SOURCE_DECLARED					UNKNOWN	NOT_RUN	False	"[""zero_shot"", ""position""]"	
expanded_v2	moirai-2.0-small	moirai-2.0-small	moiraiforecast	tsfm	tsfm	MoiraiForecast	broad_v1	broad_v1	moirai-2.0-small				SOURCE_DECLARED					UNKNOWN	NOT_RUN	False	"[""zero_shot"", ""position"", ""probability""]"	
expanded_v2	moirai-1.0-base	moirai-1.0-base	moiraiforecast	tsfm	tsfm	MoiraiForecast	broad_v1	broad_v1	moirai-1.0-base				SOURCE_DECLARED					UNKNOWN	NOT_RUN	False	"[""zero_shot"", ""position"", ""probability""]"	
expanded_v2	tirex-2	tirex-2	tirex	tsfm	tsfm	TiRex	broad_v1	broad_v1	tirex-2				SOURCE_DECLARED					UNKNOWN	NOT_RUN	False	"[""zero_shot"", ""position""]"	xLSTM-based; successor to TiRex
expanded_v2	toto-open-base	toto-open-base	totoforecaster	tsfm	tsfm	TotoForecaster	broad_v1	broad_v1	toto-open-base				SOURCE_DECLARED					UNKNOWN	NOT_RUN	False	"[""zero_shot"", ""position"", ""probability""]"	observability-domain pretraining
expanded_v2	toto-2.0-4m	toto-2.0-4m	totoforecaster	tsfm	tsfm	TotoForecaster	broad_v1	broad_v1	toto-2.0-4m				SOURCE_DECLARED					UNKNOWN	NOT_RUN	False	"[""zero_shot"", ""position"", ""probability""]"	
expanded_v2	moment-1-small	moment-1-small	momentpipeline	tsfm	tsfm	MOMENTPipeline	broad_v1	broad_v1	moment-1-small				SOURCE_DECLARED					UNKNOWN	NOT_RUN	False	"[""zero_shot"", ""position""]"	general TS embedding model; forecasting head required
expanded_v2	moment-1-large	moment-1-large	momentpipeline	tsfm	tsfm	MOMENTPipeline	broad_v1	broad_v1	moment-1-large				SOURCE_DECLARED					UNKNOWN	NOT_RUN	False	"[""zero_shot"", ""position""]"	
expanded_v2	lag-llama	lag-llama	lagllamaestimator	tsfm	tsfm	LagLlamaEstimator	broad_v1	broad_v1	lag-llama				SOURCE_DECLARED					UNKNOWN	NOT_RUN	False	"[""zero_shot"", ""position"", ""probability""]"	
expanded_v2	kronos-base	kronos-base	kronospredictor	tsfm	tsfm	KronosPredictor	broad_v1	broad_v1	kronos-base				SOURCE_DECLARED					UNKNOWN	NOT_RUN	False	"[""zero_shot"", ""position""]"	discrete-token financial series model
expanded_v2	sundial-base	sundial-base	sundialforprediction	tsfm	tsfm	SundialForPrediction	broad_v1	broad_v1	sundial-base				SOURCE_DECLARED					UNKNOWN	NOT_RUN	False	"[""zero_shot"", ""position"", ""probability""]"	
expanded_v2	tabpfn-ts	tabpfn-ts	tabpfntimeseries	foundation_tabular	tsfm	TabPFNTimeSeries	broad_v1	broad_v1	tabpfn-ts				SOURCE_DECLARED					UNKNOWN	NOT_RUN	False	"[""zero_shot"", ""position""]"	tabular foundation model applied to the candidate matrix
expanded_v2	t0-alpha	t0-alpha	t0pipeline	tsfm	tsfm	T0Pipeline	broad_v1	broad_v1	t0-alpha				SOURCE_DECLARED					UNKNOWN	NOT_RUN	False	"[""zero_shot"", ""position""]"	GATED: weights resolve to zero bytes without accepted terms; kept as a known-blocked entry so the availability probe reports it explicitly
expanded_v2	darts-ensemble	darts-ensemble	regressionensemblemodel	framework	darts	RegressionEnsembleModel	broad_v1	broad_v1	darts-ensemble				SOURCE_DECLARED					UNKNOWN	NOT_RUN	False	"[""position"", ""ensemble""]"	
expanded_v2	reservoir-esn	reservoir-esn	esn	reservoir	reservoirpy	ESN	broad_v1	broad_v1	reservoir-esn				SOURCE_DECLARED					UNKNOWN	NOT_RUN	False	"[""position""]"	
expanded_v2	sktime-ensemble	sktime-ensemble	ensembleforecaster	framework	sktime	EnsembleForecaster	broad_v1	broad_v1	sktime-ensemble				SOURCE_DECLARED					UNKNOWN	NOT_RUN	False	"[""position"", ""ensemble""]"	
expanded_v2	autogluon-adida	autogluon-adida	adida	intermittent	autogluon	ADIDAModel	autogluon_source_model	provider	autogluon-timeseries	ADIDA			SOURCE_DECLARED					UNKNOWN	NOT_RUN	False	"[""position_series"", ""automl_provider""]"	source-declared AutoGluon model; runtime certification is separate
expanded_v2	autogluon-arima	autogluon-arima	arima	statistical	autogluon	ARIMAModel	autogluon_source_model	provider	autogluon-timeseries	ARIMA			SOURCE_DECLARED					UNKNOWN	NOT_RUN	False	"[""position_series"", ""automl_provider""]"	source-declared AutoGluon model; runtime certification is separate
expanded_v2	autogluon-autoarima	autogluon-autoarima	autoarima	statistical	autogluon	AutoARIMAModel	autogluon_source_model	provider	autogluon-timeseries	AutoARIMA			SOURCE_DECLARED					UNKNOWN	NOT_RUN	False	"[""position_series"", ""automl_provider""]"	source-declared AutoGluon model; runtime certification is separate
expanded_v2	autogluon-autoces	autogluon-autoces	autoces	statistical	autogluon	AutoCESModel	autogluon_source_model	provider	autogluon-timeseries	AutoCES			SOURCE_DECLARED					UNKNOWN	NOT_RUN	False	"[""position_series"", ""automl_provider""]"	source-declared AutoGluon model; runtime certification is separate
expanded_v2	autogluon-autoets	autogluon-autoets	autoets	statistical	autogluon	AutoETSModel	autogluon_source_model	provider	autogluon-timeseries	AutoETS			SOURCE_DECLARED					UNKNOWN	NOT_RUN	False	"[""position_series"", ""automl_provider""]"	source-declared AutoGluon model; runtime certification is separate
expanded_v2	autogluon-average	autogluon-average	average	baseline	autogluon	AverageModel	autogluon_source_model	provider	autogluon-timeseries	Average			SOURCE_DECLARED					UNKNOWN	NOT_RUN	False	"[""position_series"", ""automl_provider""]"	source-declared AutoGluon model; runtime certification is separate
expanded_v2	autogluon-croston	autogluon-croston	croston	intermittent	autogluon	CrostonModel	autogluon_source_model	provider	autogluon-timeseries	Croston			SOURCE_DECLARED					UNKNOWN	NOT_RUN	False	"[""position_series"", ""automl_provider""]"	source-declared AutoGluon model; runtime certification is separate
expanded_v2	autogluon-dlinear	autogluon-dlinear	dlinear	deep_learning	autogluon	DLinearModel	autogluon_source_model	provider	autogluon-timeseries	DLinear			SOURCE_DECLARED					UNKNOWN	NOT_RUN	False	"[""position_series"", ""automl_provider""]"	source-declared AutoGluon model; runtime certification is separate
expanded_v2	autogluon-deepar	autogluon-deepar	deepar	deep_probabilistic	autogluon	DeepARModel	autogluon_source_model	provider	autogluon-timeseries	DeepAR			SOURCE_DECLARED					UNKNOWN	NOT_RUN	False	"[""position_series"", ""automl_provider""]"	source-declared AutoGluon model; runtime certification is separate
expanded_v2	autogluon-directtabular	autogluon-directtabular	directtabular	tabular	autogluon	DirectTabularModel	autogluon_source_model	provider	autogluon-timeseries	DirectTabular			SOURCE_DECLARED					UNKNOWN	NOT_RUN	False	"[""position_series"", ""automl_provider""]"	source-declared AutoGluon model; runtime certification is separate
expanded_v2	autogluon-dynamicoptimizedtheta	autogluon-dynamicoptimizedtheta	dynamicoptimizedtheta	statistical	autogluon	DynamicOptimizedThetaModel	autogluon_source_model	provider	autogluon-timeseries	DynamicOptimizedTheta			SOURCE_DECLARED					UNKNOWN	NOT_RUN	False	"[""position_series"", ""automl_provider""]"	source-declared AutoGluon model; runtime certification is separate
expanded_v2	autogluon-ets	autogluon-ets	ets	statistical	autogluon	ETSModel	autogluon_source_model	provider	autogluon-timeseries	ETS			SOURCE_DECLARED					UNKNOWN	NOT_RUN	False	"[""position_series"", ""automl_provider""]"	source-declared AutoGluon model; runtime certification is separate
expanded_v2	autogluon-imapa	autogluon-imapa	imapa	intermittent	autogluon	IMAPAModel	autogluon_source_model	provider	autogluon-timeseries	IMAPA			SOURCE_DECLARED					UNKNOWN	NOT_RUN	False	"[""position_series"", ""automl_provider""]"	source-declared AutoGluon model; runtime certification is separate
expanded_v2	autogluon-chronos	autogluon-chronos	chronos	foundation	autogluon	ChronosModel	autogluon_source_model	provider	autogluon-timeseries	Chronos			SOURCE_DECLARED					UNKNOWN	NOT_RUN	False	"[""position_series"", ""automl_provider""]"	source-declared AutoGluon model; runtime certification is separate
expanded_v2	autogluon-chronos2	autogluon-chronos2	chronos-2	foundation	autogluon	Chronos2Model	autogluon_source_model	provider	autogluon-timeseries	Chronos2			SOURCE_DECLARED					UNKNOWN	NOT_RUN	False	"[""position_series"", ""automl_provider""]"	source-declared AutoGluon model; runtime certification is separate
expanded_v2	autogluon-npts	autogluon-npts	npts	nonparametric	autogluon	NPTSModel	autogluon_source_model	provider	autogluon-timeseries	NPTS			SOURCE_DECLARED					UNKNOWN	NOT_RUN	False	"[""position_series"", ""automl_provider""]"	source-declared AutoGluon model; runtime certification is separate
expanded_v2	autogluon-naive	autogluon-naive	naive	baseline	autogluon	NaiveModel	autogluon_source_model	provider	autogluon-timeseries	Naive			SOURCE_DECLARED					UNKNOWN	NOT_RUN	False	"[""position_series"", ""automl_provider""]"	source-declared AutoGluon model; runtime certification is separate
expanded_v2	autogluon-patchtst	autogluon-patchtst	patchtst	deep_learning	autogluon	PatchTSTModel	autogluon_source_model	provider	autogluon-timeseries	PatchTST			SOURCE_DECLARED					UNKNOWN	NOT_RUN	False	"[""position_series"", ""automl_provider""]"	source-declared AutoGluon model; runtime certification is separate
expanded_v2	autogluon-persteptabular	autogluon-persteptabular	persteptabular	tabular	autogluon	PerStepTabularModel	autogluon_source_model	provider	autogluon-timeseries	PerStepTabular			SOURCE_DECLARED					UNKNOWN	NOT_RUN	False	"[""position_series"", ""automl_provider""]"	source-declared AutoGluon model; runtime certification is separate
expanded_v2	autogluon-recursivetabular	autogluon-recursivetabular	recursivetabular	tabular	autogluon	RecursiveTabularModel	autogluon_source_model	provider	autogluon-timeseries	RecursiveTabular			SOURCE_DECLARED					UNKNOWN	NOT_RUN	False	"[""position_series"", ""automl_provider""]"	source-declared AutoGluon model; runtime certification is separate
expanded_v2	autogluon-seasonalaverage	autogluon-seasonalaverage	seasonalaverage	baseline	autogluon	SeasonalAverageModel	autogluon_source_model	provider	autogluon-timeseries	SeasonalAverage			SOURCE_DECLARED					UNKNOWN	NOT_RUN	False	"[""position_series"", ""automl_provider""]"	source-declared AutoGluon model; runtime certification is separate
expanded_v2	autogluon-seasonalnaive	autogluon-seasonalnaive	seasonalnaive	baseline	autogluon	SeasonalNaiveModel	autogluon_source_model	provider	autogluon-timeseries	SeasonalNaive			SOURCE_DECLARED					UNKNOWN	NOT_RUN	False	"[""position_series"", ""automl_provider""]"	source-declared AutoGluon model; runtime certification is separate
expanded_v2	autogluon-simplefeedforward	autogluon-simplefeedforward	simplefeedforward	deep_learning	autogluon	SimpleFeedForwardModel	autogluon_source_model	provider	autogluon-timeseries	SimpleFeedForward			SOURCE_DECLARED					UNKNOWN	NOT_RUN	False	"[""position_series"", ""automl_provider""]"	source-declared AutoGluon model; runtime certification is separate
expanded_v2	autogluon-temporalfusiontransformer	autogluon-temporalfusiontransformer	tft	deep_probabilistic	autogluon	TemporalFusionTransformerModel	autogluon_source_model	provider	autogluon-timeseries	TemporalFusionTransformer			SOURCE_DECLARED					UNKNOWN	NOT_RUN	False	"[""position_series"", ""automl_provider""]"	source-declared AutoGluon model; runtime certification is separate
expanded_v2	autogluon-theta	autogluon-theta	theta	statistical	autogluon	ThetaModel	autogluon_source_model	provider	autogluon-timeseries	Theta			SOURCE_DECLARED					UNKNOWN	NOT_RUN	False	"[""position_series"", ""automl_provider""]"	source-declared AutoGluon model; runtime certification is separate
expanded_v2	autogluon-tide	autogluon-tide	tide	deep_learning	autogluon	TiDEModel	autogluon_source_model	provider	autogluon-timeseries	TiDE			SOURCE_DECLARED					UNKNOWN	NOT_RUN	False	"[""position_series"", ""automl_provider""]"	source-declared AutoGluon model; runtime certification is separate
expanded_v2	autogluon-toto	autogluon-toto	toto	foundation	autogluon	TotoModel	autogluon_source_model	provider	autogluon-timeseries	Toto			SOURCE_DECLARED					UNKNOWN	NOT_RUN	False	"[""position_series"", ""automl_provider""]"	source-declared AutoGluon model; runtime certification is separate
expanded_v2	autogluon-wavenet	autogluon-wavenet	wavenet	deep_probabilistic	autogluon	WaveNetModel	autogluon_source_model	provider	autogluon-timeseries	WaveNet			SOURCE_DECLARED					UNKNOWN	NOT_RUN	False	"[""position_series"", ""automl_provider""]"	source-declared AutoGluon model; runtime certification is separate
expanded_v2	autogluon-zero	autogluon-zero	zero	baseline	autogluon	ZeroModel	autogluon_source_model	provider	autogluon-timeseries	Zero			SOURCE_DECLARED					UNKNOWN	NOT_RUN	False	"[""position_series"", ""automl_provider""]"	source-declared AutoGluon model; runtime certification is separate
expanded_v2	autogluon-ensemble-greedy	autogluon-ensemble-greedy	greedyensemble	ensemble	autogluon	GreedyEnsemble	autogluon_source_ensemble	provider	autogluon-timeseries	Greedy			SOURCE_DECLARED					UNKNOWN	NOT_RUN	False	"[""position_series"", ""ensemble"", ""automl_provider""]"	source-declared AutoGluon ensemble; selectable aliases=Greedy,Weighted; runtime certification is separate
expanded_v2	autogluon-ensemble-peritemgreedy	autogluon-ensemble-peritemgreedy	peritemgreedyensemble	ensemble	autogluon	PerItemGreedyEnsemble	autogluon_source_ensemble	provider	autogluon-timeseries	PerItemGreedy			SOURCE_DECLARED					UNKNOWN	NOT_RUN	False	"[""position_series"", ""ensemble"", ""automl_provider""]"	source-declared AutoGluon ensemble; selectable aliases=PerItemGreedy; runtime certification is separate
expanded_v2	autogluon-ensemble-performanceweighted	autogluon-ensemble-performanceweighted	performanceweightedensemble	ensemble	autogluon	PerformanceWeightedEnsemble	autogluon_source_ensemble	provider	autogluon-timeseries	PerformanceWeighted			SOURCE_DECLARED					UNKNOWN	NOT_RUN	False	"[""position_series"", ""ensemble"", ""automl_provider""]"	source-declared AutoGluon ensemble; selectable aliases=PerformanceWeighted; runtime certification is separate
expanded_v2	autogluon-ensemble-simpleaverage	autogluon-ensemble-simpleaverage	simpleaverageensemble	ensemble	autogluon	SimpleAverageEnsemble	autogluon_source_ensemble	provider	autogluon-timeseries	SimpleAverage			SOURCE_DECLARED					UNKNOWN	NOT_RUN	False	"[""position_series"", ""ensemble"", ""automl_provider""]"	source-declared AutoGluon ensemble; selectable aliases=SimpleAverage; runtime certification is separate
expanded_v2	autogluon-ensemble-median	autogluon-ensemble-median	medianensemble	ensemble	autogluon	MedianEnsemble	autogluon_source_ensemble	provider	autogluon-timeseries	Median			SOURCE_DECLARED					UNKNOWN	NOT_RUN	False	"[""position_series"", ""ensemble"", ""automl_provider""]"	source-declared AutoGluon ensemble; selectable aliases=Median; runtime certification is separate
expanded_v2	autogluon-ensemble-tabular	autogluon-ensemble-tabular	tabularensemble	ensemble	autogluon	TabularEnsemble	autogluon_source_ensemble	provider	autogluon-timeseries	Tabular			SOURCE_DECLARED					UNKNOWN	NOT_RUN	False	"[""position_series"", ""ensemble"", ""automl_provider""]"	source-declared AutoGluon ensemble; selectable aliases=Tabular; runtime certification is separate
expanded_v2	autogluon-ensemble-perquantiletabular	autogluon-ensemble-perquantiletabular	perquantiletabularensemble	ensemble	autogluon	PerQuantileTabularEnsemble	autogluon_source_ensemble	provider	autogluon-timeseries	PerQuantileTabular			SOURCE_DECLARED					UNKNOWN	NOT_RUN	False	"[""position_series"", ""ensemble"", ""automl_provider""]"	source-declared AutoGluon ensemble; selectable aliases=PerQuantileTabular; runtime certification is separate
expanded_v2	autogluon-ensemble-linearstacker	autogluon-ensemble-linearstacker	linearstackerensemble	ensemble	autogluon	LinearStackerEnsemble	autogluon_source_ensemble	provider	autogluon-timeseries	LinearStacker			SOURCE_DECLARED					UNKNOWN	NOT_RUN	False	"[""position_series"", ""ensemble"", ""automl_provider""]"	source-declared AutoGluon ensemble; selectable aliases=LinearStacker; runtime certification is separate
expanded_v2	gluonts-torch-deepnpts	gluonts-torch-deepnpts	deepnpts	deep_probabilistic	gluonts	DeepNPTSEstimator	gluonts_p6_registry	gluonts_p6_provider	gluonts-deepar	gluonts.torch.model.deep_npts			SOURCE_DECLARED					UNKNOWN	NOT_RUN	False	"[""position_series"", ""fit"", ""predict"", ""save_reload_contract"", ""cpu_p6_contract"", ""distribution_intrinsic"", ""trainer_native_epoch"", ""context_length""]"	source_path=src/gluonts/torch/model/deep_npts/_estimator.py; official_source_tags=v0.16.3,v0.17.0; P6 device policy=cpu; exogenous/multivariate/GPU support is not certified by this inventory; runtime certification is separate
expanded_v2	gluonts-torch-deepar	gluonts-torch-deepar	deepar	deep_probabilistic	gluonts	DeepAREstimator	gluonts_p6_registry	gluonts_p6_provider	gluonts-deepar	gluonts.torch.model.deepar			SOURCE_DECLARED					UNKNOWN	NOT_RUN	False	"[""position_series"", ""fit"", ""predict"", ""save_reload_contract"", ""cpu_p6_contract"", ""distribution_student_t"", ""trainer_lightning"", ""context_length""]"	source_path=src/gluonts/torch/model/deepar/estimator.py; official_source_tags=v0.16.3,v0.17.0; P6 device policy=cpu; exogenous/multivariate/GPU support is not certified by this inventory; runtime certification is separate
expanded_v2	gluonts-torch-tide	gluonts-torch-tide	tide	mlp	gluonts	TiDEEstimator	gluonts_p6_registry	gluonts_p6_provider	gluonts-deepar	gluonts.torch.model.tide			SOURCE_DECLARED					UNKNOWN	NOT_RUN	False	"[""position_series"", ""fit"", ""predict"", ""save_reload_contract"", ""cpu_p6_contract"", ""distribution_intrinsic"", ""trainer_lightning""]"	source_path=src/gluonts/torch/model/tide/estimator.py; official_source_tags=v0.16.3,v0.17.0; P6 device policy=cpu; exogenous/multivariate/GPU support is not certified by this inventory; runtime certification is separate
expanded_v2	gluonts-torch-simplefeedforward	gluonts-torch-simplefeedforward	simplefeedforward	mlp	gluonts	SimpleFeedForwardEstimator	gluonts_p6_registry	gluonts_p6_provider	gluonts-deepar	gluonts.torch.model.simple_feedforward			SOURCE_DECLARED					UNKNOWN	NOT_RUN	False	"[""position_series"", ""fit"", ""predict"", ""save_reload_contract"", ""cpu_p6_contract"", ""distribution_intrinsic"", ""trainer_lightning""]"	source_path=src/gluonts/torch/model/simple_feedforward/estimator.py; official_source_tags=v0.16.3,v0.17.0; P6 device policy=cpu; exogenous/multivariate/GPU support is not certified by this inventory; runtime certification is separate
expanded_v2	gluonts-torch-temporalfusiontransformer	gluonts-torch-temporalfusiontransformer	tft	transformer	gluonts	TemporalFusionTransformerEstimator	gluonts_p6_registry	gluonts_p6_provider	gluonts-deepar	gluonts.torch.model.tft			SOURCE_DECLARED					UNKNOWN	NOT_RUN	False	"[""position_series"", ""fit"", ""predict"", ""save_reload_contract"", ""cpu_p6_contract"", ""distribution_student_t"", ""trainer_lightning""]"	source_path=src/gluonts/torch/model/tft/estimator.py; official_source_tags=v0.16.3,v0.17.0; P6 device policy=cpu; exogenous/multivariate/GPU support is not certified by this inventory; runtime certification is separate
expanded_v2	gluonts-torch-wavenet	gluonts-torch-wavenet	wavenet	cnn	gluonts	WaveNetEstimator	gluonts_p6_registry	gluonts_p6_provider	gluonts-deepar	gluonts.torch.model.wavenet			SOURCE_DECLARED					UNKNOWN	NOT_RUN	False	"[""position_series"", ""fit"", ""predict"", ""save_reload_contract"", ""cpu_p6_contract"", ""distribution_intrinsic"", ""trainer_lightning""]"	source_path=src/gluonts/torch/model/wavenet/estimator.py; official_source_tags=v0.16.3,v0.17.0; P6 device policy=cpu; exogenous/multivariate/GPU support is not certified by this inventory; runtime certification is separate
expanded_v2	gluonts-torch-dlinear	gluonts-torch-dlinear	dlinear	linear	gluonts	DLinearEstimator	gluonts_p6_registry	gluonts_p6_provider	gluonts-deepar	gluonts.torch.model.d_linear			SOURCE_DECLARED					UNKNOWN	NOT_RUN	False	"[""position_series"", ""fit"", ""predict"", ""save_reload_contract"", ""cpu_p6_contract"", ""distribution_intrinsic"", ""trainer_lightning""]"	source_path=src/gluonts/torch/model/d_linear/estimator.py; official_source_tags=v0.16.3,v0.17.0; P6 device policy=cpu; exogenous/multivariate/GPU support is not certified by this inventory; runtime certification is separate
expanded_v2	gluonts-torch-patchtst	gluonts-torch-patchtst	patchtst	transformer	gluonts	PatchTSTEstimator	gluonts_p6_registry	gluonts_p6_provider	gluonts-deepar	gluonts.torch.model.patch_tst			SOURCE_DECLARED					UNKNOWN	NOT_RUN	False	"[""position_series"", ""fit"", ""predict"", ""save_reload_contract"", ""cpu_p6_contract"", ""distribution_intrinsic"", ""trainer_lightning""]"	source_path=src/gluonts/torch/model/patch_tst/estimator.py; official_source_tags=v0.16.3,v0.17.0; P6 device policy=cpu; exogenous/multivariate/GPU support is not certified by this inventory; runtime certification is separate
expanded_v2	gluonts-torch-lagtst	gluonts-torch-lagtst	lagtst	transformer	gluonts	LagTSTEstimator	gluonts_p6_registry	gluonts_p6_provider	gluonts-deepar	gluonts.torch.model.lag_tst			SOURCE_DECLARED					UNKNOWN	NOT_RUN	False	"[""position_series"", ""fit"", ""predict"", ""save_reload_contract"", ""cpu_p6_contract"", ""distribution_intrinsic"", ""trainer_lightning""]"	source_path=src/gluonts/torch/model/lag_tst/estimator.py; official_source_tags=v0.16.3,v0.17.0; P6 device policy=cpu; exogenous/multivariate/GPU support is not certified by this inventory; runtime certification is separate
expanded_v2	skforecast-recursive-ridge	skforecast-recursive-ridge	recursive-ridge	recursive_regression	skforecast	ForecasterRecursive	skforecast_strategy	expanded_inventory	skforecast-recursive	sklearn.linear_model.Ridge	0.23.0	c881d5d350426985c1c31373077b7d5b620f233d	OPERATOR_LOCAL_EVIDENCE	9fcc1274755dca64c46dc31a9a0f60a9ef1c4ebd				NOT_CURRENT_MAIN_ROUTABLE	OPERATOR_LOCAL_PASS	False	"[""position_series"", ""exogenous""]"	
expanded_v2	skforecast-recursive-histgb	skforecast-recursive-histgb	recursive-hist-gradient-boosting	recursive_tree_boosting	skforecast	ForecasterRecursive	skforecast_strategy	expanded_inventory	skforecast-recursive	sklearn.ensemble.HistGradientBoostingRegressor	0.23.0	c881d5d350426985c1c31373077b7d5b620f233d	OPERATOR_LOCAL_EVIDENCE	9fcc1274755dca64c46dc31a9a0f60a9ef1c4ebd				NOT_CURRENT_MAIN_ROUTABLE	OPERATOR_LOCAL_PASS	False	"[""position_series"", ""exogenous""]"	
expanded_v2	skforecast-recursive-lightgbm	skforecast-recursive-lightgbm	recursive-lightgbm	recursive_external_boosting	skforecast	ForecasterRecursive	skforecast_strategy	expanded_inventory	skforecast-recursive	lightgbm.LGBMRegressor	0.23.0	c881d5d350426985c1c31373077b7d5b620f233d	OPERATOR_LOCAL_EVIDENCE	9fcc1274755dca64c46dc31a9a0f60a9ef1c4ebd				NOT_CURRENT_MAIN_ROUTABLE	OPERATOR_LOCAL_PASS	False	"[""position_series"", ""exogenous""]"	
expanded_v2	skforecast-recursive-xgboost	skforecast-recursive-xgboost	recursive-xgboost	recursive_external_boosting	skforecast	ForecasterRecursive	skforecast_strategy	expanded_inventory	skforecast-recursive	xgboost.XGBRegressor	0.23.0	c881d5d350426985c1c31373077b7d5b620f233d	OPERATOR_LOCAL_EVIDENCE	9fcc1274755dca64c46dc31a9a0f60a9ef1c4ebd				NOT_CURRENT_MAIN_ROUTABLE	OPERATOR_LOCAL_PASS	False	"[""position_series"", ""exogenous""]"	
expanded_v2	skforecast-recursive-catboost	skforecast-recursive-catboost	recursive-catboost	recursive_external_boosting	skforecast	ForecasterRecursive	skforecast_strategy	expanded_inventory	skforecast-recursive	catboost.CatBoostRegressor	0.23.0	c881d5d350426985c1c31373077b7d5b620f233d	OPERATOR_LOCAL_EVIDENCE	9fcc1274755dca64c46dc31a9a0f60a9ef1c4ebd				NOT_CURRENT_MAIN_ROUTABLE	OPERATOR_LOCAL_PASS	False	"[""position_series"", ""exogenous""]"	
expanded_v2	skforecast-recursive-classifier-logistic	skforecast-recursive-classifier-logistic	recursive-classifier-logistic	recursive_classifier	skforecast	ForecasterRecursiveClassifier	skforecast_strategy	expanded_inventory	skforecast-recursive	sklearn.linear_model.LogisticRegression	0.23.0	c881d5d350426985c1c31373077b7d5b620f233d	SOURCE_DECLARED					NOT_CURRENT_MAIN_ROUTABLE	NOT_RUN	False	"[""position_series"", ""exogenous_source_declared"", ""classification""]"	source-declared ForecasterRecursiveClassifier strategy with a reviewed representative sklearn classifier binding; construction/prediction NOT_RUN
expanded_v2	skforecast-direct-ridge	skforecast-direct-ridge	direct-ridge	direct_regression	skforecast	ForecasterDirect	skforecast_strategy	expanded_inventory	skforecast-recursive	sklearn.linear_model.Ridge	0.23.0	c881d5d350426985c1c31373077b7d5b620f233d	OPERATOR_LOCAL_EVIDENCE	9fcc1274755dca64c46dc31a9a0f60a9ef1c4ebd				NOT_CURRENT_MAIN_ROUTABLE	OPERATOR_LOCAL_PASS	False	"[""position_series"", ""exogenous""]"	
expanded_v2	skforecast-recursive-multiseries-ridge	skforecast-recursive-multiseries-ridge	recursive-multiseries-ridge	multi_series	skforecast	ForecasterRecursiveMultiSeries	skforecast_strategy	expanded_inventory	skforecast-recursive	sklearn.linear_model.Ridge	0.23.0	c881d5d350426985c1c31373077b7d5b620f233d	OPERATOR_LOCAL_EVIDENCE	9fcc1274755dca64c46dc31a9a0f60a9ef1c4ebd				NOT_CURRENT_MAIN_ROUTABLE	OPERATOR_LOCAL_PASS	False	"[""multi_series"", ""exogenous""]"	
expanded_v2	skforecast-direct-multivariate-ridge	skforecast-direct-multivariate-ridge	direct-multivariate-ridge	multivariate_direct	skforecast	ForecasterDirectMultiVariate	skforecast_strategy	expanded_inventory	skforecast-recursive	sklearn.linear_model.Ridge	0.23.0	c881d5d350426985c1c31373077b7d5b620f233d	OPERATOR_LOCAL_EVIDENCE	9fcc1274755dca64c46dc31a9a0f60a9ef1c4ebd				NOT_CURRENT_MAIN_ROUTABLE	OPERATOR_LOCAL_PASS	False	"[""multivariate"", ""exogenous""]"	
expanded_v2	skforecast-equivalent-date	skforecast-equivalent-date	equivalent-date	baseline	skforecast	ForecasterEquivalentDate	skforecast_strategy	expanded_inventory	skforecast-recursive	ForecasterEquivalentDate	0.23.0	c881d5d350426985c1c31373077b7d5b620f233d	OPERATOR_LOCAL_EVIDENCE	9fcc1274755dca64c46dc31a9a0f60a9ef1c4ebd				NOT_CURRENT_MAIN_ROUTABLE	OPERATOR_LOCAL_PASS	False	"[""position_series"", ""baseline""]"	
expanded_v2	skforecast-stats-arar	skforecast-stats-arar	arar	statistical_wrapper	skforecast	ForecasterStats	skforecast_strategy	expanded_inventory	skforecast-recursive	skforecast.stats.Arar	0.23.0	c881d5d350426985c1c31373077b7d5b620f233d	OPERATOR_LOCAL_EVIDENCE	9fcc1274755dca64c46dc31a9a0f60a9ef1c4ebd				NOT_CURRENT_MAIN_ROUTABLE	OPERATOR_LOCAL_PASS	False	"[""position_series"", ""statistical""]"	
expanded_v2	skforecast-stats-arima	skforecast-stats-arima	arima	statistical_wrapper	skforecast	ForecasterStats	skforecast_strategy	expanded_inventory	skforecast-recursive	skforecast.stats.Arima	0.23.0	c881d5d350426985c1c31373077b7d5b620f233d	SOURCE_DECLARED					NOT_CURRENT_MAIN_ROUTABLE	NOT_RUN	False	"[""position_series"", ""statistical""]"	
expanded_v2	skforecast-stats-ets	skforecast-stats-ets	ets	statistical_wrapper	skforecast	ForecasterStats	skforecast_strategy	expanded_inventory	skforecast-recursive	skforecast.stats.Ets	0.23.0	c881d5d350426985c1c31373077b7d5b620f233d	SOURCE_DECLARED					NOT_CURRENT_MAIN_ROUTABLE	NOT_RUN	False	"[""position_series"", ""statistical""]"	
expanded_v2	skforecast-stats-sarimax	skforecast-stats-sarimax	sarimax	statistical_wrapper	skforecast	ForecasterStats	skforecast_strategy	expanded_inventory	skforecast-recursive	skforecast.stats.Sarimax	0.23.0	c881d5d350426985c1c31373077b7d5b620f233d	SOURCE_DECLARED					NOT_CURRENT_MAIN_ROUTABLE	NOT_RUN	False	"[""position_series"", ""statistical"", ""exogenous_source_declared""]"	
expanded_v2	skforecast-stats-sktime-arima	skforecast-stats-sktime-arima	arima	statistical_wrapper_external	skforecast	ForecasterStats	skforecast_strategy	expanded_inventory	skforecast-recursive	sktime.forecasting.ARIMA	0.23.0	c881d5d350426985c1c31373077b7d5b620f233d	SOURCE_DECLARED					NOT_CURRENT_MAIN_ROUTABLE	NOT_RUN	False	"[""position_series"", ""statistical"", ""optional_dependency""]"	supported by ForecasterStats; underlying sktime dependency pin is a separate gate
expanded_v2	skforecast-stats-aeon-arima	skforecast-stats-aeon-arima	arima	statistical_wrapper_external	skforecast	ForecasterStats	skforecast_strategy	expanded_inventory	skforecast-recursive	aeon.forecasting.stats.ARIMA	0.23.0	c881d5d350426985c1c31373077b7d5b620f233d	SOURCE_DECLARED					NOT_CURRENT_MAIN_ROUTABLE	NOT_RUN	False	"[""position_series"", ""statistical"", ""optional_dependency""]"	supported by ForecasterStats; underlying aeon dependency pin is a separate gate
expanded_v2	skforecast-stats-aeon-ets	skforecast-stats-aeon-ets	ets	statistical_wrapper_external	skforecast	ForecasterStats	skforecast_strategy	expanded_inventory	skforecast-recursive	aeon.forecasting.stats.ETS	0.23.0	c881d5d350426985c1c31373077b7d5b620f233d	SOURCE_DECLARED					NOT_CURRENT_MAIN_ROUTABLE	NOT_RUN	False	"[""position_series"", ""statistical"", ""optional_dependency""]"	supported by ForecasterStats; underlying aeon dependency pin is a separate gate
expanded_v2	skforecast-rnn-lstm	skforecast-rnn-lstm	lstm	rnn	skforecast	ForecasterRnn	skforecast_strategy	expanded_inventory	skforecast-recursive	LSTM	0.23.0	c881d5d350426985c1c31373077b7d5b620f233d	OPERATOR_LOCAL_EVIDENCE	9fcc1274755dca64c46dc31a9a0f60a9ef1c4ebd				NOT_CURRENT_MAIN_ROUTABLE	OPERATOR_LOCAL_PASS	False	"[""position_series"", ""gpu"", ""cpu_fallback""]"	
expanded_v2	skforecast-rnn-gru	skforecast-rnn-gru	gru	rnn	skforecast	ForecasterRnn	skforecast_strategy	expanded_inventory	skforecast-recursive	GRU	0.23.0	c881d5d350426985c1c31373077b7d5b620f233d	OPERATOR_LOCAL_EVIDENCE	9fcc1274755dca64c46dc31a9a0f60a9ef1c4ebd				NOT_CURRENT_MAIN_ROUTABLE	OPERATOR_LOCAL_PASS	False	"[""position_series"", ""gpu""]"	
expanded_v2	skforecast-foundation-chronos2-amazon	skforecast-foundation-chronos2-amazon	chronos-2	foundation	skforecast	ForecasterFoundation	skforecast_strategy	expanded_inventory	skforecast-recursive	amazon/chronos-2	0.23.0	c881d5d350426985c1c31373077b7d5b620f233d	SOURCE_DECLARED					NOT_CURRENT_MAIN_ROUTABLE	NOT_RUN	False	"[""position_series"", ""foundation"", ""exogenous_source_declared"", ""probabilistic""]"	
expanded_v2	skforecast-foundation-chronos2-small	skforecast-foundation-chronos2-small	chronos-2	foundation	skforecast	ForecasterFoundation	skforecast_strategy	expanded_inventory	skforecast-recursive	autogluon/chronos-2-small	0.23.0	c881d5d350426985c1c31373077b7d5b620f233d	OPERATOR_LOCAL_EVIDENCE	9fcc1274755dca64c46dc31a9a0f60a9ef1c4ebd				NOT_CURRENT_MAIN_ROUTABLE	OPERATOR_LOCAL_PASS	False	"[""position_series"", ""foundation"", ""exogenous"", ""probabilistic"", ""gpu"", ""cpu_fallback""]"	
expanded_v2	skforecast-foundation-chronos2-synth	skforecast-foundation-chronos2-synth	chronos-2	foundation	skforecast	ForecasterFoundation	skforecast_strategy	expanded_inventory	skforecast-recursive	autogluon/chronos-2-synth	0.23.0	c881d5d350426985c1c31373077b7d5b620f233d	SOURCE_DECLARED					NOT_CURRENT_MAIN_ROUTABLE	NOT_RUN	False	"[""position_series"", ""foundation"", ""exogenous_source_declared"", ""probabilistic""]"	
expanded_v2	skforecast-foundation-timesfm25	skforecast-foundation-timesfm25	timesfm-2.5	foundation	skforecast	ForecasterFoundation	skforecast_strategy	expanded_inventory	skforecast-recursive	google/timesfm-2.5-200m-pytorch	0.23.0	c881d5d350426985c1c31373077b7d5b620f233d	OPERATOR_LOCAL_EVIDENCE	9fcc1274755dca64c46dc31a9a0f60a9ef1c4ebd				NOT_CURRENT_MAIN_ROUTABLE	OPERATOR_LOCAL_PASS	False	"[""position_series"", ""foundation"", ""probabilistic"", ""gpu"", ""cpu_fallback""]"	skforecast TimesFM adapter explicitly does not support exogenous variables
expanded_v2	skforecast-foundation-moirai2	skforecast-foundation-moirai2	moirai-2	foundation	skforecast	ForecasterFoundation	skforecast_strategy	expanded_inventory	skforecast-recursive	Salesforce/moirai-2.0-R-small	0.23.0	c881d5d350426985c1c31373077b7d5b620f233d	OPERATOR_LOCAL_EVIDENCE	9fcc1274755dca64c46dc31a9a0f60a9ef1c4ebd				BLOCKED	BLOCKED_DEPENDENCY_CONFLICT	False	"[""position_series"", ""foundation"", ""probabilistic"", ""gpu"", ""cpu_fallback""]"	runtime passed only under a controlled unsupported metadata override; normal dependency routability remains blocked
expanded_v2	skforecast-foundation-tabicl-v2	skforecast-foundation-tabicl-v2	tabicl-v2	foundation	skforecast	ForecasterFoundation	skforecast_strategy	expanded_inventory	skforecast-recursive	soda-inria/tabicl	0.23.0	c881d5d350426985c1c31373077b7d5b620f233d	OPERATOR_LOCAL_EVIDENCE	9fcc1274755dca64c46dc31a9a0f60a9ef1c4ebd	jingang/TabICL/tabicl-regressor-v2-20260212.ckpt	4dcd344ece2c00be9e831fdd35bed57b5ad83e19	0db9cb538f114e79026bf08f45f41ad8dd7ad2de2aaca9a5ca8cd3bd9748ae7a	NOT_CURRENT_MAIN_ROUTABLE	OPERATOR_LOCAL_PASS	False	"[""position_series"", ""foundation"", ""exogenous"", ""probabilistic"", ""gpu"", ""cpu_fallback""]"	adapter selector is soda-inria/tabicl; verified checkpoint bytes are stored under the separate jingang/TabICL artifact identity
expanded_v2	skforecast-foundation-tabpfn-ts3	skforecast-foundation-tabpfn-ts3	tabpfn-ts3	foundation	skforecast	ForecasterFoundation	skforecast_strategy	expanded_inventory	skforecast-recursive	priorlabs/tabpfn-ts	0.23.0	c881d5d350426985c1c31373077b7d5b620f233d	OPERATOR_LOCAL_EVIDENCE	9fcc1274755dca64c46dc31a9a0f60a9ef1c4ebd				BLOCKED	BLOCKED_INVALID_OR_EXPIRED_TOKEN	False	"[""position_series"", ""foundation"", ""exogenous_contract_verified""]"	adapter allow_exog contract passed; checkpoint download/inference did not execute
expanded_v2	skforecast-foundation-t0	skforecast-foundation-t0	tfc-t0	foundation	skforecast	ForecasterFoundation	skforecast_strategy	expanded_inventory	skforecast-recursive	theforecastingcompany/t0-alpha	0.23.0	c881d5d350426985c1c31373077b7d5b620f233d	OPERATOR_LOCAL_EVIDENCE	9fcc1274755dca64c46dc31a9a0f60a9ef1c4ebd				NOT_CURRENT_MAIN_ROUTABLE	NOT_RUN	False	"[""position_series"", ""foundation"", ""exogenous_source_declared"", ""probabilistic""]"	upstream source declares exogenous support, recorded as source-declared only; T0 was not executed in the current skforecast operator sequence
