2026/08/01 17:50:45.036, 840682, /mnt/e/env/ts/loto_forecast_platform/environments/tabpfn-ts/.venv/bin/python, 24
2026/08/01 17:50:45.137, 840682, /mnt/e/env/ts/loto_forecast_platform/environments/tabpfn-ts/.venv/bin/python, 224
2026/08/01 17:50:45.237, 840682, /mnt/e/env/ts/loto_forecast_platform/environments/tabpfn-ts/.venv/bin/python, 270
2026/08/01 17:50:45.337, 840682, /mnt/e/env/ts/loto_forecast_platform/environments/tabpfn-ts/.venv/bin/python, 356
2026/08/01 17:50:45.438, 840682, /mnt/e/env/ts/loto_forecast_platform/environments/tabpfn-ts/.venv/bin/python, 356
2026/08/01 17:50:45.538, 840682, /mnt/e/env/ts/loto_forecast_platform/environments/tabpfn-ts/.venv/bin/python, 414
2026/08/01 17:50:45.639, 840682, /mnt/e/env/ts/loto_forecast_platform/environments/tabpfn-ts/.venv/bin/python, 414
2026/08/01 17:50:45.739, 840682, /mnt/e/env/ts/loto_forecast_platform/environments/tabpfn-ts/.venv/bin/python, 414
2026/08/01 17:50:45.839, 840682, /mnt/e/env/ts/loto_forecast_platform/environments/tabpfn-ts/.venv/bin/python, 414
2026/08/01 17:50:45.940, 840682, /mnt/e/env/ts/loto_forecast_platform/environments/tabpfn-ts/.venv/bin/python, 414
2026/08/01 17:50:46.040, 840682, /mnt/e/env/ts/loto_forecast_platform/environments/tabpfn-ts/.venv/bin/python, 414
2026/08/01 17:50:46.140, 840682, /mnt/e/env/ts/loto_forecast_platform/environments/tabpfn-ts/.venv/bin/python, 414
2026/08/01 17:50:46.240, 840682, /mnt/e/env/ts/loto_forecast_platform/environments/tabpfn-ts/.venv/bin/python, 414
2026/08/01 17:50:46.341, 840682, /mnt/e/env/ts/loto_forecast_platform/environments/tabpfn-ts/.venv/bin/python, 414
2026/08/01 17:50:46.441, 840682, /mnt/e/env/ts/loto_forecast_platform/environments/tabpfn-ts/.venv/bin/python, 414
2026/08/01 17:50:46.541, 840682, /mnt/e/env/ts/loto_forecast_platform/environments/tabpfn-ts/.venv/bin/python, 414
2026/08/01 17:50:46.642, 840682, /mnt/e/env/ts/loto_forecast_platform/environments/tabpfn-ts/.venv/bin/python, 414
2026/08/01 17:50:46.742, 840682, /mnt/e/env/ts/loto_forecast_platform/environments/tabpfn-ts/.venv/bin/python, 414
2026/08/01 17:50:46.842, 840682, /mnt/e/env/ts/loto_forecast_platform/environments/tabpfn-ts/.venv/bin/python, 414
2026/08/01 17:50:46.942, 840682, /mnt/e/env/ts/loto_forecast_platform/environments/tabpfn-ts/.venv/bin/python, 414
2026/08/01 17:50:47.043, 840682, /mnt/e/env/ts/loto_forecast_platform/environments/tabpfn-ts/.venv/bin/python, 414
2026/08/01 17:50:47.143, 840682, /mnt/e/env/ts/loto_forecast_platform/environments/tabpfn-ts/.venv/bin/python, 414
2026/08/01 17:50:47.243, 840682, /mnt/e/env/ts/loto_forecast_platform/environments/tabpfn-ts/.venv/bin/python, 414
2026/08/01 17:50:47.344, 840682, /mnt/e/env/ts/loto_forecast_platform/environments/tabpfn-ts/.venv/bin/python, 414
2026/08/01 17:50:47.444, 840682, /mnt/e/env/ts/loto_forecast_platform/environments/tabpfn-ts/.venv/bin/python, 414
2026/08/01 17:50:47.544, 840682, /mnt/e/env/ts/loto_forecast_platform/environments/tabpfn-ts/.venv/bin/python, 414
2026/08/01 17:50:47.645, 840682, /mnt/e/env/ts/loto_forecast_platform/environments/tabpfn-ts/.venv/bin/python, 414
2026/08/01 17:50:47.745, 840682, /mnt/e/env/ts/loto_forecast_platform/environments/tabpfn-ts/.venv/bin/python, 414
2026/08/01 17:50:47.845, 840682, /mnt/e/env/ts/loto_forecast_platform/environments/tabpfn-ts/.venv/bin/python, 414
2026/08/01 17:50:47.946, 840682, /mnt/e/env/ts/loto_forecast_platform/environments/tabpfn-ts/.venv/bin/python, 414
2026/08/01 17:50:48.046, 840682, /mnt/e/env/ts/loto_forecast_platform/environments/tabpfn-ts/.venv/bin/python, 414
2026/08/01 17:50:48.147, 840682, /mnt/e/env/ts/loto_forecast_platform/environments/tabpfn-ts/.venv/bin/python, 414
2026/08/01 17:50:48.247, 840682, /mnt/e/env/ts/loto_forecast_platform/environments/tabpfn-ts/.venv/bin/python, 414
2026/08/01 17:50:48.347, 840682, /mnt/e/env/ts/loto_forecast_platform/environments/tabpfn-ts/.venv/bin/python, 414
2026/08/01 17:50:48.448, 840682, /mnt/e/env/ts/loto_forecast_platform/environments/tabpfn-ts/.venv/bin/python, 414
2026/08/01 17:50:48.548, 840682, /mnt/e/env/ts/loto_forecast_platform/environments/tabpfn-ts/.venv/bin/python, 414
2026/08/01 17:50:48.648, 840682, /mnt/e/env/ts/loto_forecast_platform/environments/tabpfn-ts/.venv/bin/python, 414
2026/08/01 17:50:48.749, 840682, /mnt/e/env/ts/loto_forecast_platform/environments/tabpfn-ts/.venv/bin/python, 414
2026/08/01 17:50:48.849, 840682, /mnt/e/env/ts/loto_forecast_platform/environments/tabpfn-ts/.venv/bin/python, 414
2026/08/01 17:50:48.949, 840682, /mnt/e/env/ts/loto_forecast_platform/environments/tabpfn-ts/.venv/bin/python, 414
2026/08/01 17:50:49.049, 840682, /mnt/e/env/ts/loto_forecast_platform/environments/tabpfn-ts/.venv/bin/python, 414
2026/08/01 17:50:49.150, 840682, /mnt/e/env/ts/loto_forecast_platform/environments/tabpfn-ts/.venv/bin/python, 414
2026/08/01 17:50:49.250, 840682, /mnt/e/env/ts/loto_forecast_platform/environments/tabpfn-ts/.venv/bin/python, 414
2026/08/01 17:50:49.350, 840682, /mnt/e/env/ts/loto_forecast_platform/environments/tabpfn-ts/.venv/bin/python, 414
2026/08/01 17:50:49.451, 840682, /mnt/e/env/ts/loto_forecast_platform/environments/tabpfn-ts/.venv/bin/python, 414
2026/08/01 17:50:49.551, 840682, /mnt/e/env/ts/loto_forecast_platform/environments/tabpfn-ts/.venv/bin/python, 414
2026/08/01 17:50:49.652, 840682, /mnt/e/env/ts/loto_forecast_platform/environments/tabpfn-ts/.venv/bin/python, 414
2026/08/01 17:50:49.752, 840682, /mnt/e/env/ts/loto_forecast_platform/environments/tabpfn-ts/.venv/bin/python, 414
2026/08/01 17:50:49.853, 840682, /mnt/e/env/ts/loto_forecast_platform/environments/tabpfn-ts/.venv/bin/python, 414
2026/08/01 17:50:49.953, 840682, /mnt/e/env/ts/loto_forecast_platform/environments/tabpfn-ts/.venv/bin/python, 414
2026/08/01 17:50:50.053, 840682, /mnt/e/env/ts/loto_forecast_platform/environments/tabpfn-ts/.venv/bin/python, 414
2026/08/01 17:50:50.154, 840682, /mnt/e/env/ts/loto_forecast_platform/environments/tabpfn-ts/.venv/bin/python, 414
2026/08/01 17:50:50.254, 840682, /mnt/e/env/ts/loto_forecast_platform/environments/tabpfn-ts/.venv/bin/python, 414
2026/08/01 17:50:50.354, 840682, /mnt/e/env/ts/loto_forecast_platform/environments/tabpfn-ts/.venv/bin/python, 414
2026/08/01 17:50:50.455, 840682, /mnt/e/env/ts/loto_forecast_platform/environments/tabpfn-ts/.venv/bin/python, 414
2026/08/01 17:50:50.555, 840682, /mnt/e/env/ts/loto_forecast_platform/environments/tabpfn-ts/.venv/bin/python, 414
2026/08/01 17:50:50.655, 840682, /mnt/e/env/ts/loto_forecast_platform/environments/tabpfn-ts/.venv/bin/python, 414
2026/08/01 17:50:50.756, 840682, /mnt/e/env/ts/loto_forecast_platform/environments/tabpfn-ts/.venv/bin/python, 414
2026/08/01 17:50:50.856, 840682, /mnt/e/env/ts/loto_forecast_platform/environments/tabpfn-ts/.venv/bin/python, 414
2026/08/01 17:50:50.956, 840682, /mnt/e/env/ts/loto_forecast_platform/environments/tabpfn-ts/.venv/bin/python, 414
2026/08/01 17:50:51.056, 840682, /mnt/e/env/ts/loto_forecast_platform/environments/tabpfn-ts/.venv/bin/python, 414
2026/08/01 17:50:51.157, 840682, /mnt/e/env/ts/loto_forecast_platform/environments/tabpfn-ts/.venv/bin/python, 414
2026/08/01 17:50:51.257, 840682, /mnt/e/env/ts/loto_forecast_platform/environments/tabpfn-ts/.venv/bin/python, 414
2026/08/01 17:50:51.358, 840682, /mnt/e/env/ts/loto_forecast_platform/environments/tabpfn-ts/.venv/bin/python, 414
2026/08/01 17:50:51.458, 840682, /mnt/e/env/ts/loto_forecast_platform/environments/tabpfn-ts/.venv/bin/python, 414
2026/08/01 17:50:51.559, 840682, /mnt/e/env/ts/loto_forecast_platform/environments/tabpfn-ts/.venv/bin/python, 414
2026/08/01 17:50:51.659, 840682, /mnt/e/env/ts/loto_forecast_platform/environments/tabpfn-ts/.venv/bin/python, 414
2026/08/01 17:50:51.759, 840682, /mnt/e/env/ts/loto_forecast_platform/environments/tabpfn-ts/.venv/bin/python, 414
2026/08/01 17:50:51.859, 840682, /mnt/e/env/ts/loto_forecast_platform/environments/tabpfn-ts/.venv/bin/python, 414
2026/08/01 17:50:51.960, 840682, /mnt/e/env/ts/loto_forecast_platform/environments/tabpfn-ts/.venv/bin/python, 414
2026/08/01 17:50:52.060, 840682, /mnt/e/env/ts/loto_forecast_platform/environments/tabpfn-ts/.venv/bin/python, 414
2026/08/01 17:50:52.160, 840682, /mnt/e/env/ts/loto_forecast_platform/environments/tabpfn-ts/.venv/bin/python, 414
2026/08/01 17:50:52.261, 840682, /mnt/e/env/ts/loto_forecast_platform/environments/tabpfn-ts/.venv/bin/python, 414
2026/08/01 17:50:52.361, 840682, /mnt/e/env/ts/loto_forecast_platform/environments/tabpfn-ts/.venv/bin/python, 414
2026/08/01 17:50:52.461, 840682, /mnt/e/env/ts/loto_forecast_platform/environments/tabpfn-ts/.venv/bin/python, 414
2026/08/01 17:50:52.561, 840682, /mnt/e/env/ts/loto_forecast_platform/environments/tabpfn-ts/.venv/bin/python, 414
2026/08/01 17:50:52.662, 840682, /mnt/e/env/ts/loto_forecast_platform/environments/tabpfn-ts/.venv/bin/python, 414
2026/08/01 17:50:52.762, 840682, /mnt/e/env/ts/loto_forecast_platform/environments/tabpfn-ts/.venv/bin/python, 414
2026/08/01 17:50:52.862, 840682, /mnt/e/env/ts/loto_forecast_platform/environments/tabpfn-ts/.venv/bin/python, 414
2026/08/01 17:50:52.963, 840682, /mnt/e/env/ts/loto_forecast_platform/environments/tabpfn-ts/.venv/bin/python, 414
2026/08/01 17:50:53.063, 840682, /mnt/e/env/ts/loto_forecast_platform/environments/tabpfn-ts/.venv/bin/python, 414
2026/08/01 17:50:53.164, 840682, /mnt/e/env/ts/loto_forecast_platform/environments/tabpfn-ts/.venv/bin/python, 414
2026/08/01 17:50:53.264, 840682, /mnt/e/env/ts/loto_forecast_platform/environments/tabpfn-ts/.venv/bin/python, 414
2026/08/01 17:50:53.364, 840682, /mnt/e/env/ts/loto_forecast_platform/environments/tabpfn-ts/.venv/bin/python, 414
2026/08/01 17:50:53.465, 840682, /mnt/e/env/ts/loto_forecast_platform/environments/tabpfn-ts/.venv/bin/python, 414
2026/08/01 17:50:53.565, 840682, /mnt/e/env/ts/loto_forecast_platform/environments/tabpfn-ts/.venv/bin/python, 414
2026/08/01 17:50:53.665, 840682, /mnt/e/env/ts/loto_forecast_platform/environments/tabpfn-ts/.venv/bin/python, 414
2026/08/01 17:50:53.766, 840682, /mnt/e/env/ts/loto_forecast_platform/environments/tabpfn-ts/.venv/bin/python, 312
2026/08/01 17:50:53.866, 840682, /mnt/e/env/ts/loto_forecast_platform/environments/tabpfn-ts/.venv/bin/python, 312
2026/08/01 17:50:53.966, 840682, /mnt/e/env/ts/loto_forecast_platform/environments/tabpfn-ts/.venv/bin/python, 312
2026/08/01 17:50:54.067, 840682, /mnt/e/env/ts/loto_forecast_platform/environments/tabpfn-ts/.venv/bin/python, 312
2026/08/01 17:50:54.167, 840682, /mnt/e/env/ts/loto_forecast_platform/environments/tabpfn-ts/.venv/bin/python, 312
2026/08/01 17:50:54.267, 840682, /mnt/e/env/ts/loto_forecast_platform/environments/tabpfn-ts/.venv/bin/python, 312
2026/08/01 17:50:54.367, 840682, /mnt/e/env/ts/loto_forecast_platform/environments/tabpfn-ts/.venv/bin/python, 312
2026/08/01 17:50:54.468, 840682, [No data], 312
2026/08/01 17:50:54.569, 840682, [No data], 312
