2026/08/01 20:36:51.434, 402016, .runtime-envs/chronos/bin/python, 10
2026/08/01 20:36:51.635, 402016, .runtime-envs/chronos/bin/python, 994
2026/08/01 20:36:51.836, 402016, .runtime-envs/chronos/bin/python, 1102
2026/08/01 20:36:52.036, 402016, .runtime-envs/chronos/bin/python, 1132
2026/08/01 20:36:52.236, 402016, .runtime-envs/chronos/bin/python, 1132
2026/08/01 20:36:52.437, 402016, .runtime-envs/chronos/bin/python, 1132
2026/08/01 20:36:52.637, 402016, .runtime-envs/chronos/bin/python, 1876
2026/08/01 20:36:52.837, 402016, .runtime-envs/chronos/bin/python, 1876
2026/08/01 20:36:53.037, 402016, .runtime-envs/chronos/bin/python, 1876
2026/08/01 20:36:53.238, 402016, .runtime-envs/chronos/bin/python, 1876
2026/08/01 20:36:53.438, 402016, [No data], 1876
