raw_path	lexists	exists	is_symlink	symlink_target	executable	probe_status	returncode	python_version	sys_executable	sys_prefix	sys_base_prefix	is_venv	site_packages	package_count	package_fingerprint_sha256	error	stderr_tail
/home/az/.cache/loto/timer-base-84m/venvs/5349b4ae2a1c16a0b27b4fe3cf7b77a3d8bd6d0a22329b8b66691c5e3e63efe0/bin/python	True	True	True	/home/az/.local/share/uv/python/cpython-3.10-linux-x86_64-gnu/bin/python3.10	True	PASS	0	3.10.19	/home/az/.cache/loto/timer-base-84m/venvs/5349b4ae2a1c16a0b27b4fe3cf7b77a3d8bd6d0a22329b8b66691c5e3e63efe0/bin/python	/home/az/.cache/loto/timer-base-84m/venvs/5349b4ae2a1c16a0b27b4fe3cf7b77a3d8bd6d0a22329b8b66691c5e3e63efe0	/home/az/.local/share/uv/python/cpython-3.10-linux-x86_64-gnu	True	"[""/home/az/.cache/loto/timer-base-84m/venvs/5349b4ae2a1c16a0b27b4fe3cf7b77a3d8bd6d0a22329b8b66691c5e3e63efe0/lib/python3.10/site-packages""]"	44	79577a4c0bb5dccbce098e28f0c908567a0805a714c9942a1a94dbd323909e91		
/home/az/.cache/loto/timer-base-84m/venvs/5349b4ae2a1c16a0b27b4fe3cf7b77a3d8bd6d0a22329b8b66691c5e3e63efe0/bin/python3	True	True	True	python	True	PASS	0	3.10.19	/home/az/.cache/loto/timer-base-84m/venvs/5349b4ae2a1c16a0b27b4fe3cf7b77a3d8bd6d0a22329b8b66691c5e3e63efe0/bin/python3	/home/az/.cache/loto/timer-base-84m/venvs/5349b4ae2a1c16a0b27b4fe3cf7b77a3d8bd6d0a22329b8b66691c5e3e63efe0	/home/az/.local/share/uv/python/cpython-3.10-linux-x86_64-gnu	True	"[""/home/az/.cache/loto/timer-base-84m/venvs/5349b4ae2a1c16a0b27b4fe3cf7b77a3d8bd6d0a22329b8b66691c5e3e63efe0/lib/python3.10/site-packages""]"	44	79577a4c0bb5dccbce098e28f0c908567a0805a714c9942a1a94dbd323909e91		
/mnt/e/env/ts/loto_forecast_platform/.runtime-envs/chronos/bin/python	True	True	True	/home/az/.local/share/uv/python/cpython-3.13-linux-x86_64-gnu/bin/python3.13	True	PASS	0	3.13.13	/mnt/e/env/ts/loto_forecast_platform/.runtime-envs/chronos/bin/python	/mnt/e/env/ts/loto_forecast_platform/.runtime-envs/chronos	/home/az/.local/share/uv/python/cpython-3.13.13-linux-x86_64-gnu	True	"[""/mnt/e/env/ts/loto_forecast_platform/.runtime-envs/chronos/lib/python3.13/site-packages""]"	60	0e9ffe1c0fa980bb9a1c1762a577e41b4588caf9a0a5d10570abbd364252019a		
/mnt/e/env/ts/loto_forecast_platform/.runtime-envs/chronos/bin/python3	True	True	True	python	True	PASS	0	3.13.13	/mnt/e/env/ts/loto_forecast_platform/.runtime-envs/chronos/bin/python3	/mnt/e/env/ts/loto_forecast_platform/.runtime-envs/chronos	/home/az/.local/share/uv/python/cpython-3.13.13-linux-x86_64-gnu	True	"[""/mnt/e/env/ts/loto_forecast_platform/.runtime-envs/chronos/lib/python3.13/site-packages""]"	60	0e9ffe1c0fa980bb9a1c1762a577e41b4588caf9a0a5d10570abbd364252019a		
/mnt/e/env/ts/loto_forecast_platform/.runtime-envs/flowstate/bin/python	True	True	True	/home/az/.local/share/uv/python/cpython-3.11-linux-x86_64-gnu/bin/python3.11	True	PASS	0	3.11.14	/mnt/e/env/ts/loto_forecast_platform/.runtime-envs/flowstate/bin/python	/mnt/e/env/ts/loto_forecast_platform/.runtime-envs/flowstate	/home/az/.local/share/uv/python/cpython-3.11-linux-x86_64-gnu	True	"[""/mnt/e/env/ts/loto_forecast_platform/.runtime-envs/flowstate/lib/python3.11/site-packages""]"	75	af702c39a30d413cbe29d6cfb0125a325db92ef12dbf3f8354e72ede64c6bfc0		
/mnt/e/env/ts/loto_forecast_platform/.runtime-envs/flowstate/bin/python3	True	True	True	python	True	PASS	0	3.11.14	/mnt/e/env/ts/loto_forecast_platform/.runtime-envs/flowstate/bin/python3	/mnt/e/env/ts/loto_forecast_platform/.runtime-envs/flowstate	/home/az/.local/share/uv/python/cpython-3.11-linux-x86_64-gnu	True	"[""/mnt/e/env/ts/loto_forecast_platform/.runtime-envs/flowstate/lib/python3.11/site-packages""]"	75	af702c39a30d413cbe29d6cfb0125a325db92ef12dbf3f8354e72ede64c6bfc0		
/mnt/e/env/ts/loto_forecast_platform/.runtime-envs/kronos/bin/python	True	True	True	/home/az/.local/share/uv/python/cpython-3.11-linux-x86_64-gnu/bin/python3.11	True	PASS	0	3.11.14	/mnt/e/env/ts/loto_forecast_platform/.runtime-envs/kronos/bin/python	/mnt/e/env/ts/loto_forecast_platform/.runtime-envs/kronos	/home/az/.local/share/uv/python/cpython-3.11-linux-x86_64-gnu	True	"[""/mnt/e/env/ts/loto_forecast_platform/.runtime-envs/kronos/lib/python3.11/site-packages""]"	56	e161f160e2ad2442da3a7f192191fc33fd7641de160829ec5e8b1a56814466b0		
/mnt/e/env/ts/loto_forecast_platform/.runtime-envs/kronos/bin/python3	True	True	True	python	True	PASS	0	3.11.14	/mnt/e/env/ts/loto_forecast_platform/.runtime-envs/kronos/bin/python3	/mnt/e/env/ts/loto_forecast_platform/.runtime-envs/kronos	/home/az/.local/share/uv/python/cpython-3.11-linux-x86_64-gnu	True	"[""/mnt/e/env/ts/loto_forecast_platform/.runtime-envs/kronos/lib/python3.11/site-packages""]"	56	e161f160e2ad2442da3a7f192191fc33fd7641de160829ec5e8b1a56814466b0		
/mnt/e/env/ts/loto_forecast_platform/.runtime-envs/lag-llama/bin/python	True	True	True	/home/az/.local/share/uv/python/cpython-3.12-linux-x86_64-gnu/bin/python3.12	True	PASS	0	3.12.13	/mnt/e/env/ts/loto_forecast_platform/.runtime-envs/lag-llama/bin/python	/mnt/e/env/ts/loto_forecast_platform/.runtime-envs/lag-llama	/home/az/.local/share/uv/python/cpython-3.12.13-linux-x86_64-gnu	True	"[""/mnt/e/env/ts/loto_forecast_platform/.runtime-envs/lag-llama/lib/python3.12/site-packages""]"	83	2db66d1217f35d2883e9f5df3de4e316566970871da282b384f48d5cdc69164d		
/mnt/e/env/ts/loto_forecast_platform/.runtime-envs/lag-llama/bin/python3	True	True	True	python	True	PASS	0	3.12.13	/mnt/e/env/ts/loto_forecast_platform/.runtime-envs/lag-llama/bin/python3	/mnt/e/env/ts/loto_forecast_platform/.runtime-envs/lag-llama	/home/az/.local/share/uv/python/cpython-3.12.13-linux-x86_64-gnu	True	"[""/mnt/e/env/ts/loto_forecast_platform/.runtime-envs/lag-llama/lib/python3.12/site-packages""]"	83	2db66d1217f35d2883e9f5df3de4e316566970871da282b384f48d5cdc69164d		
/mnt/e/env/ts/loto_forecast_platform/.runtime-envs/moment/bin/python	True	True	True	/home/az/.local/share/uv/python/cpython-3.11-linux-x86_64-gnu/bin/python3.11	True	PASS	0	3.11.14	/mnt/e/env/ts/loto_forecast_platform/.runtime-envs/moment/bin/python	/mnt/e/env/ts/loto_forecast_platform/.runtime-envs/moment	/home/az/.local/share/uv/python/cpython-3.11-linux-x86_64-gnu	True	"[""/mnt/e/env/ts/loto_forecast_platform/.runtime-envs/moment/lib/python3.11/site-packages""]"	44	4cb66ba700f92f94bacd04140203c7b7e570c19f9221d87c3d2c0857a885f9f7		
/mnt/e/env/ts/loto_forecast_platform/.runtime-envs/moment/bin/python3	True	True	True	python	True	PASS	0	3.11.14	/mnt/e/env/ts/loto_forecast_platform/.runtime-envs/moment/bin/python3	/mnt/e/env/ts/loto_forecast_platform/.runtime-envs/moment	/home/az/.local/share/uv/python/cpython-3.11-linux-x86_64-gnu	True	"[""/mnt/e/env/ts/loto_forecast_platform/.runtime-envs/moment/lib/python3.11/site-packages""]"	44	4cb66ba700f92f94bacd04140203c7b7e570c19f9221d87c3d2c0857a885f9f7		
/mnt/e/env/ts/loto_forecast_platform/.runtime-envs/timesfm/bin/python	True	True	True	/home/az/.local/share/uv/python/cpython-3.13-linux-x86_64-gnu/bin/python3.13	True	PASS	0	3.13.13	/mnt/e/env/ts/loto_forecast_platform/.runtime-envs/timesfm/bin/python	/mnt/e/env/ts/loto_forecast_platform/.runtime-envs/timesfm	/home/az/.local/share/uv/python/cpython-3.13.13-linux-x86_64-gnu	True	"[""/mnt/e/env/ts/loto_forecast_platform/.runtime-envs/timesfm/lib/python3.13/site-packages""]"	53	4f998d5e34ab25c0d77969386352171dde703655cb6b4f4aea1961b6c28a3947		
/mnt/e/env/ts/loto_forecast_platform/.runtime-envs/timesfm/bin/python3	True	True	True	python	True	PASS	0	3.13.13	/mnt/e/env/ts/loto_forecast_platform/.runtime-envs/timesfm/bin/python3	/mnt/e/env/ts/loto_forecast_platform/.runtime-envs/timesfm	/home/az/.local/share/uv/python/cpython-3.13.13-linux-x86_64-gnu	True	"[""/mnt/e/env/ts/loto_forecast_platform/.runtime-envs/timesfm/lib/python3.13/site-packages""]"	53	4f998d5e34ab25c0d77969386352171dde703655cb6b4f4aea1961b6c28a3947		
/mnt/e/env/ts/loto_forecast_platform/.runtime-envs/toto-open/bin/python	True	True	True	/home/az/.local/share/uv/python/cpython-3.12-linux-x86_64-gnu/bin/python3.12	True	PASS	0	3.12.13	/mnt/e/env/ts/loto_forecast_platform/.runtime-envs/toto-open/bin/python	/mnt/e/env/ts/loto_forecast_platform/.runtime-envs/toto-open	/home/az/.local/share/uv/python/cpython-3.12.13-linux-x86_64-gnu	True	"[""/mnt/e/env/ts/loto_forecast_platform/.runtime-envs/toto-open/lib/python3.12/site-packages""]"	219	4642f086e92aeed34df914f37677283bfc8ef870b22a604a8864c8c3fac2ee4e		
/mnt/e/env/ts/loto_forecast_platform/.runtime-envs/toto-open/bin/python3	True	True	True	python	True	PASS	0	3.12.13	/mnt/e/env/ts/loto_forecast_platform/.runtime-envs/toto-open/bin/python3	/mnt/e/env/ts/loto_forecast_platform/.runtime-envs/toto-open	/home/az/.local/share/uv/python/cpython-3.12.13-linux-x86_64-gnu	True	"[""/mnt/e/env/ts/loto_forecast_platform/.runtime-envs/toto-open/lib/python3.12/site-packages""]"	219	4642f086e92aeed34df914f37677283bfc8ef870b22a604a8864c8c3fac2ee4e		
/mnt/e/env/ts/loto_forecast_platform/.runtime-envs/toto/bin/python	True	True	True	/home/az/.local/share/uv/python/cpython-3.12-linux-x86_64-gnu/bin/python3.12	True	PASS	0	3.12.13	/mnt/e/env/ts/loto_forecast_platform/.runtime-envs/toto/bin/python	/mnt/e/env/ts/loto_forecast_platform/.runtime-envs/toto	/home/az/.local/share/uv/python/cpython-3.12.13-linux-x86_64-gnu	True	"[""/mnt/e/env/ts/loto_forecast_platform/.runtime-envs/toto/lib/python3.12/site-packages""]"	85	21fea0a4ecdb6c624ce793b2e8ef03afa48bf6edfaf07ea88636b6437c7f6ecc		
/mnt/e/env/ts/loto_forecast_platform/.runtime-envs/toto/bin/python3	True	True	True	python	True	PASS	0	3.12.13	/mnt/e/env/ts/loto_forecast_platform/.runtime-envs/toto/bin/python3	/mnt/e/env/ts/loto_forecast_platform/.runtime-envs/toto	/home/az/.local/share/uv/python/cpython-3.12.13-linux-x86_64-gnu	True	"[""/mnt/e/env/ts/loto_forecast_platform/.runtime-envs/toto/lib/python3.12/site-packages""]"	85	21fea0a4ecdb6c624ce793b2e8ef03afa48bf6edfaf07ea88636b6437c7f6ecc		
/mnt/e/env/ts/loto_forecast_platform/.venv/bin/python	True	True	True	/home/az/.local/share/uv/python/cpython-3.13-linux-x86_64-gnu/bin/python3.13	True	PASS	0	3.13.13	/mnt/e/env/ts/loto_forecast_platform/.venv/bin/python	/mnt/e/env/ts/loto_forecast_platform/.venv	/home/az/.local/share/uv/python/cpython-3.13.13-linux-x86_64-gnu	True	"[""/mnt/e/env/ts/loto_forecast_platform/.venv/lib/python3.13/site-packages""]"	129	63d78ee01f725618841bd72d38e8bed4b09b131a448713d8495b651936140e81		
/mnt/e/env/ts/loto_forecast_platform/.venv/bin/python3	True	True	True	python	True	PASS	0	3.13.13	/mnt/e/env/ts/loto_forecast_platform/.venv/bin/python3	/mnt/e/env/ts/loto_forecast_platform/.venv	/home/az/.local/share/uv/python/cpython-3.13.13-linux-x86_64-gnu	True	"[""/mnt/e/env/ts/loto_forecast_platform/.venv/lib/python3.13/site-packages""]"	129	63d78ee01f725618841bd72d38e8bed4b09b131a448713d8495b651936140e81		
/mnt/e/env/ts/loto_forecast_platform/environments/autogluon-timeseries/.venv/bin/python	True	False	True	/home/tajim/.local/share/uv/python/cpython-3.12-linux-x86_64-gnu/bin/python3.12	False	BROKEN_SYMLINK											
/mnt/e/env/ts/loto_forecast_platform/environments/autogluon-timeseries/.venv/bin/python3	True	False	True	python	False	BROKEN_SYMLINK											
/mnt/e/env/ts/loto_forecast_platform/environments/chronos2-py313/.venv/bin/python	True	True	True	/home/az/.local/share/uv/python/cpython-3.13-linux-x86_64-gnu/bin/python3.13	True	PASS	0	3.13.13	/mnt/e/env/ts/loto_forecast_platform/environments/chronos2-py313/.venv/bin/python	/mnt/e/env/ts/loto_forecast_platform/environments/chronos2-py313/.venv	/home/az/.local/share/uv/python/cpython-3.13.13-linux-x86_64-gnu	True	"[""/mnt/e/env/ts/loto_forecast_platform/environments/chronos2-py313/.venv/lib/python3.13/site-packages""]"	66	7f4807e33f502bc4c6c0b48e6fdd79877b2ac2e6af47f3b51974ed1ef1fd4d04		
/mnt/e/env/ts/loto_forecast_platform/environments/chronos2-py313/.venv/bin/python3	True	True	True	python	True	PASS	0	3.13.13	/mnt/e/env/ts/loto_forecast_platform/environments/chronos2-py313/.venv/bin/python3	/mnt/e/env/ts/loto_forecast_platform/environments/chronos2-py313/.venv	/home/az/.local/share/uv/python/cpython-3.13.13-linux-x86_64-gnu	True	"[""/mnt/e/env/ts/loto_forecast_platform/environments/chronos2-py313/.venv/lib/python3.13/site-packages""]"	66	7f4807e33f502bc4c6c0b48e6fdd79877b2ac2e6af47f3b51974ed1ef1fd4d04		
/mnt/e/env/ts/loto_forecast_platform/environments/darts-notorch/.venv/bin/python	True	True	True	/home/az/.local/share/uv/python/cpython-3.13-linux-x86_64-gnu/bin/python3.13	True	PASS	0	3.13.13	/mnt/e/env/ts/loto_forecast_platform/environments/darts-notorch/.venv/bin/python	/mnt/e/env/ts/loto_forecast_platform/environments/darts-notorch/.venv	/home/az/.local/share/uv/python/cpython-3.13.13-linux-x86_64-gnu	True	"[""/mnt/e/env/ts/loto_forecast_platform/environments/darts-notorch/.venv/lib/python3.13/site-packages""]"	59	f7ffed1f6fb01ba0f976abc71e91d51c109a19c21344f4aa907d7593723a0aa7		
/mnt/e/env/ts/loto_forecast_platform/environments/darts-notorch/.venv/bin/python3	True	True	True	python	True	PASS	0	3.13.13	/mnt/e/env/ts/loto_forecast_platform/environments/darts-notorch/.venv/bin/python3	/mnt/e/env/ts/loto_forecast_platform/environments/darts-notorch/.venv	/home/az/.local/share/uv/python/cpython-3.13.13-linux-x86_64-gnu	True	"[""/mnt/e/env/ts/loto_forecast_platform/environments/darts-notorch/.venv/lib/python3.13/site-packages""]"	59	f7ffed1f6fb01ba0f976abc71e91d51c109a19c21344f4aa907d7593723a0aa7		
/mnt/e/env/ts/loto_forecast_platform/environments/darts-torch/.venv/bin/python	True	True	True	/home/az/.local/share/uv/python/cpython-3.13-linux-x86_64-gnu/bin/python3.13	True	PASS	0	3.13.13	/mnt/e/env/ts/loto_forecast_platform/environments/darts-torch/.venv/bin/python	/mnt/e/env/ts/loto_forecast_platform/environments/darts-torch/.venv	/home/az/.local/share/uv/python/cpython-3.13.13-linux-x86_64-gnu	True	"[""/mnt/e/env/ts/loto_forecast_platform/environments/darts-torch/.venv/lib/python3.13/site-packages""]"	90	881c97c8be1f443195a7eefd1dfc9c5e993d56d483ba85fab59696729d5ebf20		
/mnt/e/env/ts/loto_forecast_platform/environments/darts-torch/.venv/bin/python3	True	True	True	python	True	PASS	0	3.13.13	/mnt/e/env/ts/loto_forecast_platform/environments/darts-torch/.venv/bin/python3	/mnt/e/env/ts/loto_forecast_platform/environments/darts-torch/.venv	/home/az/.local/share/uv/python/cpython-3.13.13-linux-x86_64-gnu	True	"[""/mnt/e/env/ts/loto_forecast_platform/environments/darts-torch/.venv/lib/python3.13/site-packages""]"	90	881c97c8be1f443195a7eefd1dfc9c5e993d56d483ba85fab59696729d5ebf20		
/mnt/e/env/ts/loto_forecast_platform/environments/gluonts-compat/.venv/bin/python	True	True	True	/home/az/.local/share/uv/python/cpython-3.13-linux-x86_64-gnu/bin/python3.13	True	PASS	0	3.13.13	/mnt/e/env/ts/loto_forecast_platform/environments/gluonts-compat/.venv/bin/python	/mnt/e/env/ts/loto_forecast_platform/environments/gluonts-compat/.venv	/home/az/.local/share/uv/python/cpython-3.13.13-linux-x86_64-gnu	True	"[""/mnt/e/env/ts/loto_forecast_platform/environments/gluonts-compat/.venv/lib/python3.13/site-packages""]"	66	36ec80ceedafebb0c3a5232e4a89ca9d5feb25dda127d6b120ed3b9412295fe4		
/mnt/e/env/ts/loto_forecast_platform/environments/gluonts-compat/.venv/bin/python3	True	True	True	python	True	PASS	0	3.13.13	/mnt/e/env/ts/loto_forecast_platform/environments/gluonts-compat/.venv/bin/python3	/mnt/e/env/ts/loto_forecast_platform/environments/gluonts-compat/.venv	/home/az/.local/share/uv/python/cpython-3.13.13-linux-x86_64-gnu	True	"[""/mnt/e/env/ts/loto_forecast_platform/environments/gluonts-compat/.venv/lib/python3.13/site-packages""]"	66	36ec80ceedafebb0c3a5232e4a89ca9d5feb25dda127d6b120ed3b9412295fe4		
/mnt/e/env/ts/loto_forecast_platform/environments/gluonts-latest/.venv/bin/python	True	True	True	/home/az/.local/share/uv/python/cpython-3.13-linux-x86_64-gnu/bin/python3.13	True	PASS	0	3.13.13	/mnt/e/env/ts/loto_forecast_platform/environments/gluonts-latest/.venv/bin/python	/mnt/e/env/ts/loto_forecast_platform/environments/gluonts-latest/.venv	/home/az/.local/share/uv/python/cpython-3.13.13-linux-x86_64-gnu	True	"[""/mnt/e/env/ts/loto_forecast_platform/environments/gluonts-latest/.venv/lib/python3.13/site-packages""]"	69	df183849711a2aaa26fbbfbc592d32dad7a2a52f01bc069134d506f491d5d683		
/mnt/e/env/ts/loto_forecast_platform/environments/gluonts-latest/.venv/bin/python3	True	True	True	python	True	PASS	0	3.13.13	/mnt/e/env/ts/loto_forecast_platform/environments/gluonts-latest/.venv/bin/python3	/mnt/e/env/ts/loto_forecast_platform/environments/gluonts-latest/.venv	/home/az/.local/share/uv/python/cpython-3.13.13-linux-x86_64-gnu	True	"[""/mnt/e/env/ts/loto_forecast_platform/environments/gluonts-latest/.venv/lib/python3.13/site-packages""]"	69	df183849711a2aaa26fbbfbc592d32dad7a2a52f01bc069134d506f491d5d683		
/mnt/e/env/ts/loto_forecast_platform/environments/granite-ttm/.venv/bin/python	True	False	True	/home/tajim/.local/share/uv/python/cpython-3.12-linux-x86_64-gnu/bin/python3.12	False	BROKEN_SYMLINK											
/mnt/e/env/ts/loto_forecast_platform/environments/granite-ttm/.venv/bin/python3	True	False	True	python	False	BROKEN_SYMLINK											
/mnt/e/env/ts/loto_forecast_platform/environments/moirai/.venv/bin/python	True	False	True	/home/tajim/.local/share/uv/python/cpython-3.12-linux-x86_64-gnu/bin/python3.12	False	BROKEN_SYMLINK											
/mnt/e/env/ts/loto_forecast_platform/environments/moirai/.venv/bin/python3	True	False	True	python	False	BROKEN_SYMLINK											
/mnt/e/env/ts/loto_forecast_platform/environments/moirai2-cuda13-experimental/.venv/bin/python	True	True	True	/home/az/.local/share/uv/python/cpython-3.11-linux-x86_64-gnu/bin/python3.11	True	PASS	0	3.11.14	/mnt/e/env/ts/loto_forecast_platform/environments/moirai2-cuda13-experimental/.venv/bin/python	/mnt/e/env/ts/loto_forecast_platform/environments/moirai2-cuda13-experimental/.venv	/home/az/.local/share/uv/python/cpython-3.11-linux-x86_64-gnu	True	"[""/mnt/e/env/ts/loto_forecast_platform/environments/moirai2-cuda13-experimental/.venv/lib/python3.11/site-packages""]"	96	05b7dc9e0f1605dc44fd69fb3d4aaac7ef9461c0c58e2330f465731274f0a467		
/mnt/e/env/ts/loto_forecast_platform/environments/moirai2-cuda13-experimental/.venv/bin/python3	True	True	True	python	True	PASS	0	3.11.14	/mnt/e/env/ts/loto_forecast_platform/environments/moirai2-cuda13-experimental/.venv/bin/python3	/mnt/e/env/ts/loto_forecast_platform/environments/moirai2-cuda13-experimental/.venv	/home/az/.local/share/uv/python/cpython-3.11-linux-x86_64-gnu	True	"[""/mnt/e/env/ts/loto_forecast_platform/environments/moirai2-cuda13-experimental/.venv/lib/python3.11/site-packages""]"	96	05b7dc9e0f1605dc44fd69fb3d4aaac7ef9461c0c58e2330f465731274f0a467		
/mnt/e/env/ts/loto_forecast_platform/environments/sktime-classic-py312/.venv/bin/python	True	True	True	/home/az/.local/share/uv/python/cpython-3.12-linux-x86_64-gnu/bin/python3.12	True	PASS	0	3.12.13	/mnt/e/env/ts/loto_forecast_platform/environments/sktime-classic-py312/.venv/bin/python	/mnt/e/env/ts/loto_forecast_platform/environments/sktime-classic-py312/.venv	/home/az/.local/share/uv/python/cpython-3.12.13-linux-x86_64-gnu	True	"[""/mnt/e/env/ts/loto_forecast_platform/environments/sktime-classic-py312/.venv/lib/python3.12/site-packages""]"	25	c88a4c45af09a5de19bb07e84a71aa3f4fc6012f4e9fb83604f3981d57acdc51		
/mnt/e/env/ts/loto_forecast_platform/environments/sktime-classic-py312/.venv/bin/python3	True	True	True	python	True	PASS	0	3.12.13	/mnt/e/env/ts/loto_forecast_platform/environments/sktime-classic-py312/.venv/bin/python3	/mnt/e/env/ts/loto_forecast_platform/environments/sktime-classic-py312/.venv	/home/az/.local/share/uv/python/cpython-3.12.13-linux-x86_64-gnu	True	"[""/mnt/e/env/ts/loto_forecast_platform/environments/sktime-classic-py312/.venv/lib/python3.12/site-packages""]"	25	c88a4c45af09a5de19bb07e84a71aa3f4fc6012f4e9fb83604f3981d57acdc51		
/mnt/e/env/ts/loto_forecast_platform/environments/sktime-core-py313/.venv/bin/python	True	True	True	/home/az/.local/share/uv/python/cpython-3.13-linux-x86_64-gnu/bin/python3.13	True	PASS	0	3.13.13	/mnt/e/env/ts/loto_forecast_platform/environments/sktime-core-py313/.venv/bin/python	/mnt/e/env/ts/loto_forecast_platform/environments/sktime-core-py313/.venv	/home/az/.local/share/uv/python/cpython-3.13.13-linux-x86_64-gnu	True	"[""/mnt/e/env/ts/loto_forecast_platform/environments/sktime-core-py313/.venv/lib/python3.13/site-packages""]"	23	855f978c83e8182cd45c94d444483bf195a21dbe426a526f6c3b0112bb388b63		
/mnt/e/env/ts/loto_forecast_platform/environments/sktime-core-py313/.venv/bin/python3	True	True	True	python	True	PASS	0	3.13.13	/mnt/e/env/ts/loto_forecast_platform/environments/sktime-core-py313/.venv/bin/python3	/mnt/e/env/ts/loto_forecast_platform/environments/sktime-core-py313/.venv	/home/az/.local/share/uv/python/cpython-3.13.13-linux-x86_64-gnu	True	"[""/mnt/e/env/ts/loto_forecast_platform/environments/sktime-core-py313/.venv/lib/python3.13/site-packages""]"	23	855f978c83e8182cd45c94d444483bf195a21dbe426a526f6c3b0112bb388b63		
/mnt/e/env/ts/loto_forecast_platform/environments/statsforecast-py313/.venv/bin/python	True	True	True	/home/az/.local/share/uv/python/cpython-3.13-linux-x86_64-gnu/bin/python3.13	True	PASS	0	3.13.13	/mnt/e/env/ts/loto_forecast_platform/environments/statsforecast-py313/.venv/bin/python	/mnt/e/env/ts/loto_forecast_platform/environments/statsforecast-py313/.venv	/home/az/.local/share/uv/python/cpython-3.13.13-linux-x86_64-gnu	True	"[""/mnt/e/env/ts/loto_forecast_platform/environments/statsforecast-py313/.venv/lib/python3.13/site-packages""]"	29	42218178dba4f7dddc2aaebc19bdedae320e867cf1ac6e4f02b804b24ab92cc9		
/mnt/e/env/ts/loto_forecast_platform/environments/statsforecast-py313/.venv/bin/python3	True	True	True	python	True	PASS	0	3.13.13	/mnt/e/env/ts/loto_forecast_platform/environments/statsforecast-py313/.venv/bin/python3	/mnt/e/env/ts/loto_forecast_platform/environments/statsforecast-py313/.venv	/home/az/.local/share/uv/python/cpython-3.13.13-linux-x86_64-gnu	True	"[""/mnt/e/env/ts/loto_forecast_platform/environments/statsforecast-py313/.venv/lib/python3.13/site-packages""]"	29	42218178dba4f7dddc2aaebc19bdedae320e867cf1ac6e4f02b804b24ab92cc9		
/mnt/e/env/ts/loto_forecast_platform/environments/sundial/.venv/bin/python	True	False	True	/home/tajim/.local/share/uv/python/cpython-3.12-linux-x86_64-gnu/bin/python3.12	False	BROKEN_SYMLINK											
/mnt/e/env/ts/loto_forecast_platform/environments/sundial/.venv/bin/python3	True	False	True	python	False	BROKEN_SYMLINK											
/mnt/e/env/ts/loto_forecast_platform/environments/tabpfn-ts/.venv/bin/python	True	True	True	/home/az/.local/share/uv/python/cpython-3.12-linux-x86_64-gnu/bin/python3.12	True	PASS	0	3.12.13	/mnt/e/env/ts/loto_forecast_platform/environments/tabpfn-ts/.venv/bin/python	/mnt/e/env/ts/loto_forecast_platform/environments/tabpfn-ts/.venv	/home/az/.local/share/uv/python/cpython-3.12.13-linux-x86_64-gnu	True	"[""/mnt/e/env/ts/loto_forecast_platform/environments/tabpfn-ts/.venv/lib/python3.12/site-packages""]"	101	0f5c23f23db6303fcdd3b8e26bc26fcd577c66098bca9c99df22735192b865e5		
/mnt/e/env/ts/loto_forecast_platform/environments/tabpfn-ts/.venv/bin/python3	True	True	True	python	True	PASS	0	3.12.13	/mnt/e/env/ts/loto_forecast_platform/environments/tabpfn-ts/.venv/bin/python3	/mnt/e/env/ts/loto_forecast_platform/environments/tabpfn-ts/.venv	/home/az/.local/share/uv/python/cpython-3.12.13-linux-x86_64-gnu	True	"[""/mnt/e/env/ts/loto_forecast_platform/environments/tabpfn-ts/.venv/lib/python3.12/site-packages""]"	101	0f5c23f23db6303fcdd3b8e26bc26fcd577c66098bca9c99df22735192b865e5		
/mnt/e/env/ts/loto_forecast_platform/environments/timesfm/.venv/bin/python	True	False	True	/home/tajim/.local/share/uv/python/cpython-3.12-linux-x86_64-gnu/bin/python3.12	False	BROKEN_SYMLINK											
/mnt/e/env/ts/loto_forecast_platform/environments/timesfm/.venv/bin/python3	True	False	True	python	False	BROKEN_SYMLINK											
/mnt/e/env/ts/loto_forecast_platform/environments/tirex/.venv/bin/python	True	False	True	/home/tajim/.local/share/uv/python/cpython-3.12-linux-x86_64-gnu/bin/python3.12	False	BROKEN_SYMLINK											
/mnt/e/env/ts/loto_forecast_platform/environments/tirex/.venv/bin/python3	True	False	True	python	False	BROKEN_SYMLINK											
