2026/08/01 17:38:25.187, 816059, /mnt/e/env/ts/loto_forecast_platform/environments/tirex/.venv/bin/python, 222
2026/08/01 17:38:25.297, 816059, /mnt/e/env/ts/loto_forecast_platform/environments/tirex/.venv/bin/python, 568
2026/08/01 17:38:25.398, 816059, /mnt/e/env/ts/loto_forecast_platform/environments/tirex/.venv/bin/python, 568
2026/08/01 17:38:25.498, 816059, /mnt/e/env/ts/loto_forecast_platform/environments/tirex/.venv/bin/python, 568
2026/08/01 17:38:25.598, 816059, /mnt/e/env/ts/loto_forecast_platform/environments/tirex/.venv/bin/python, 614
2026/08/01 17:38:25.699, 816059, /mnt/e/env/ts/loto_forecast_platform/environments/tirex/.venv/bin/python, 614
2026/08/01 17:38:25.799, 816059, /mnt/e/env/ts/loto_forecast_platform/environments/tirex/.venv/bin/python, 614
2026/08/01 17:38:25.899, 816059, /mnt/e/env/ts/loto_forecast_platform/environments/tirex/.venv/bin/python, 614
2026/08/01 17:38:26.000, 816059, /mnt/e/env/ts/loto_forecast_platform/environments/tirex/.venv/bin/python, 614
2026/08/01 17:38:26.100, 816059, /mnt/e/env/ts/loto_forecast_platform/environments/tirex/.venv/bin/python, 614
2026/08/01 17:38:26.201, 816059, /mnt/e/env/ts/loto_forecast_platform/environments/tirex/.venv/bin/python, 614
2026/08/01 17:38:26.301, 816059, /mnt/e/env/ts/loto_forecast_platform/environments/tirex/.venv/bin/python, 644
2026/08/01 17:38:26.401, 816059, /mnt/e/env/ts/loto_forecast_platform/environments/tirex/.venv/bin/python, 650
2026/08/01 17:38:26.501, 816059, /mnt/e/env/ts/loto_forecast_platform/environments/tirex/.venv/bin/python, 650
2026/08/01 17:38:26.602, 816059, /mnt/e/env/ts/loto_forecast_platform/environments/tirex/.venv/bin/python, 650
2026/08/01 17:38:26.702, 816059, /mnt/e/env/ts/loto_forecast_platform/environments/tirex/.venv/bin/python, 650
2026/08/01 17:38:26.802, 816059, /mnt/e/env/ts/loto_forecast_platform/environments/tirex/.venv/bin/python, 650
2026/08/01 17:38:26.903, 816059, /mnt/e/env/ts/loto_forecast_platform/environments/tirex/.venv/bin/python, 650
2026/08/01 17:38:27.003, 816059, /mnt/e/env/ts/loto_forecast_platform/environments/tirex/.venv/bin/python, 650
2026/08/01 17:38:27.103, 816059, /mnt/e/env/ts/loto_forecast_platform/environments/tirex/.venv/bin/python, 650
2026/08/01 17:38:27.204, 816059, /mnt/e/env/ts/loto_forecast_platform/environments/tirex/.venv/bin/python, 650
2026/08/01 17:38:27.304, 816059, /mnt/e/env/ts/loto_forecast_platform/environments/tirex/.venv/bin/python, 650
2026/08/01 17:38:27.405, 816059, /mnt/e/env/ts/loto_forecast_platform/environments/tirex/.venv/bin/python, 650
2026/08/01 17:38:27.505, 816059, /mnt/e/env/ts/loto_forecast_platform/environments/tirex/.venv/bin/python, 650
2026/08/01 17:38:27.605, 816059, /mnt/e/env/ts/loto_forecast_platform/environments/tirex/.venv/bin/python, 650
2026/08/01 17:38:27.705, 816059, /mnt/e/env/ts/loto_forecast_platform/environments/tirex/.venv/bin/python, 650
2026/08/01 17:38:27.806, 816059, /mnt/e/env/ts/loto_forecast_platform/environments/tirex/.venv/bin/python, 650
2026/08/01 17:38:27.906, 816059, /mnt/e/env/ts/loto_forecast_platform/environments/tirex/.venv/bin/python, 650
2026/08/01 17:38:28.006, 816059, /mnt/e/env/ts/loto_forecast_platform/environments/tirex/.venv/bin/python, 650
2026/08/01 17:38:28.106, 816059, /mnt/e/env/ts/loto_forecast_platform/environments/tirex/.venv/bin/python, 650
2026/08/01 17:38:28.207, 816059, /mnt/e/env/ts/loto_forecast_platform/environments/tirex/.venv/bin/python, 650
2026/08/01 17:38:28.307, 816059, /mnt/e/env/ts/loto_forecast_platform/environments/tirex/.venv/bin/python, 650
2026/08/01 17:38:28.407, 816059, /mnt/e/env/ts/loto_forecast_platform/environments/tirex/.venv/bin/python, 650
2026/08/01 17:38:28.508, 816059, /mnt/e/env/ts/loto_forecast_platform/environments/tirex/.venv/bin/python, 650
2026/08/01 17:38:28.608, 816059, /mnt/e/env/ts/loto_forecast_platform/environments/tirex/.venv/bin/python, 650
2026/08/01 17:38:28.708, 816059, /mnt/e/env/ts/loto_forecast_platform/environments/tirex/.venv/bin/python, 650
2026/08/01 17:38:28.808, 816059, /mnt/e/env/ts/loto_forecast_platform/environments/tirex/.venv/bin/python, 650
2026/08/01 17:38:28.909, 816059, /mnt/e/env/ts/loto_forecast_platform/environments/tirex/.venv/bin/python, 650
2026/08/01 17:38:29.009, 816059, /mnt/e/env/ts/loto_forecast_platform/environments/tirex/.venv/bin/python, 650
2026/08/01 17:38:29.110, 816059, /mnt/e/env/ts/loto_forecast_platform/environments/tirex/.venv/bin/python, 650
2026/08/01 17:38:29.210, 816059, /mnt/e/env/ts/loto_forecast_platform/environments/tirex/.venv/bin/python, 650
2026/08/01 17:38:29.310, 816059, /mnt/e/env/ts/loto_forecast_platform/environments/tirex/.venv/bin/python, 650
2026/08/01 17:38:29.411, 816059, /mnt/e/env/ts/loto_forecast_platform/environments/tirex/.venv/bin/python, 650
2026/08/01 17:38:29.511, 816059, /mnt/e/env/ts/loto_forecast_platform/environments/tirex/.venv/bin/python, 650
2026/08/01 17:38:29.611, 816059, /mnt/e/env/ts/loto_forecast_platform/environments/tirex/.venv/bin/python, 650
2026/08/01 17:38:29.711, 816059, /mnt/e/env/ts/loto_forecast_platform/environments/tirex/.venv/bin/python, 650
2026/08/01 17:38:29.812, 816059, /mnt/e/env/ts/loto_forecast_platform/environments/tirex/.venv/bin/python, 650
2026/08/01 17:38:29.912, 816059, /mnt/e/env/ts/loto_forecast_platform/environments/tirex/.venv/bin/python, 650
2026/08/01 17:38:30.012, 816059, /mnt/e/env/ts/loto_forecast_platform/environments/tirex/.venv/bin/python, 650
2026/08/01 17:38:30.112, 816059, /mnt/e/env/ts/loto_forecast_platform/environments/tirex/.venv/bin/python, 650
2026/08/01 17:38:30.213, 816059, /mnt/e/env/ts/loto_forecast_platform/environments/tirex/.venv/bin/python, 650
2026/08/01 17:38:30.313, 816059, /mnt/e/env/ts/loto_forecast_platform/environments/tirex/.venv/bin/python, 650
2026/08/01 17:38:30.413, 816059, /mnt/e/env/ts/loto_forecast_platform/environments/tirex/.venv/bin/python, 650
2026/08/01 17:38:30.513, 816059, /mnt/e/env/ts/loto_forecast_platform/environments/tirex/.venv/bin/python, 650
2026/08/01 17:38:30.614, 816059, /mnt/e/env/ts/loto_forecast_platform/environments/tirex/.venv/bin/python, 650
2026/08/01 17:38:30.714, 816059, /mnt/e/env/ts/loto_forecast_platform/environments/tirex/.venv/bin/python, 650
2026/08/01 17:38:30.814, 816059, /mnt/e/env/ts/loto_forecast_platform/environments/tirex/.venv/bin/python, 650
2026/08/01 17:38:30.915, 816059, /mnt/e/env/ts/loto_forecast_platform/environments/tirex/.venv/bin/python, 650
2026/08/01 17:38:31.015, 816059, /mnt/e/env/ts/loto_forecast_platform/environments/tirex/.venv/bin/python, 650
2026/08/01 17:38:31.115, 816059, /mnt/e/env/ts/loto_forecast_platform/environments/tirex/.venv/bin/python, 676
2026/08/01 17:38:31.215, 816059, /mnt/e/env/ts/loto_forecast_platform/environments/tirex/.venv/bin/python, 678
2026/08/01 17:38:31.316, 816059, /mnt/e/env/ts/loto_forecast_platform/environments/tirex/.venv/bin/python, 678
2026/08/01 17:38:31.416, 816059, /mnt/e/env/ts/loto_forecast_platform/environments/tirex/.venv/bin/python, 678
2026/08/01 17:38:31.516, 816059, /mnt/e/env/ts/loto_forecast_platform/environments/tirex/.venv/bin/python, 678
2026/08/01 17:38:31.617, 816059, /mnt/e/env/ts/loto_forecast_platform/environments/tirex/.venv/bin/python, 678
2026/08/01 17:38:31.717, 816059, /mnt/e/env/ts/loto_forecast_platform/environments/tirex/.venv/bin/python, 678
2026/08/01 17:38:31.817, 816059, /mnt/e/env/ts/loto_forecast_platform/environments/tirex/.venv/bin/python, 678
2026/08/01 17:38:31.917, 816059, /mnt/e/env/ts/loto_forecast_platform/environments/tirex/.venv/bin/python, 678
2026/08/01 17:38:32.018, 816059, /mnt/e/env/ts/loto_forecast_platform/environments/tirex/.venv/bin/python, 678
2026/08/01 17:38:32.118, 816059, /mnt/e/env/ts/loto_forecast_platform/environments/tirex/.venv/bin/python, 678
2026/08/01 17:38:32.218, 816059, /mnt/e/env/ts/loto_forecast_platform/environments/tirex/.venv/bin/python, 678
2026/08/01 17:38:32.319, 816059, /mnt/e/env/ts/loto_forecast_platform/environments/tirex/.venv/bin/python, 678
2026/08/01 17:38:32.419, 816059, /mnt/e/env/ts/loto_forecast_platform/environments/tirex/.venv/bin/python, 678
2026/08/01 17:38:32.519, 816059, /mnt/e/env/ts/loto_forecast_platform/environments/tirex/.venv/bin/python, 654
2026/08/01 17:38:32.620, 816059, /mnt/e/env/ts/loto_forecast_platform/environments/tirex/.venv/bin/python, 654
2026/08/01 17:38:32.720, 816059, /mnt/e/env/ts/loto_forecast_platform/environments/tirex/.venv/bin/python, 654
2026/08/01 17:38:32.820, 816059, /mnt/e/env/ts/loto_forecast_platform/environments/tirex/.venv/bin/python, 654
2026/08/01 17:38:32.920, 816059, [No data], 654
2026/08/01 17:38:33.022, 816059, [No data], 654
