model_id,game,target_mode,draw_id,position,candidate,probability_mean,probability_sd,hdi_low,hdi_high,posterior_draw_count,protocol_hash,execution_fingerprint
pp-posterior-utility-hit1,loto6,decision,next-81,1,1,0.08783040170377325,0.03081971215092614,0.04292390557717473,0.1469167223421052,16,5e59f6d0a57a1e5a78a70a0b1fac63d7293e45513d25923ab1ef2711f11084b0,dcd2d58b2d191dfb7dc0028d5d87c6e6a5195749c35fc7386a32bf65d1c91a46
pp-posterior-utility-hit1,loto6,decision,next-81,1,2,0.09868198307050816,0.027269983308882625,0.06617563359462025,0.14370099466176794,16,5e59f6d0a57a1e5a78a70a0b1fac63d7293e45513d25923ab1ef2711f11084b0,dcd2d58b2d191dfb7dc0028d5d87c6e6a5195749c35fc7386a32bf65d1c91a46
pp-posterior-utility-hit1,loto6,decision,next-81,1,3,0.11043971683480162,0.023312998472672465,0.0696013795468669,0.14951338008421894,16,5e59f6d0a57a1e5a78a70a0b1fac63d7293e45513d25923ab1ef2711f11084b0,dcd2d58b2d191dfb7dc0028d5d87c6e6a5195749c35fc7386a32bf65d1c91a46
pp-posterior-utility-hit1,loto6,decision,next-81,1,4,0.057549750532016296,0.020305452225050594,0.01988757743684251,0.09160863237863032,16,5e59f6d0a57a1e5a78a70a0b1fac63d7293e45513d25923ab1ef2711f11084b0,dcd2d58b2d191dfb7dc0028d5d87c6e6a5195749c35fc7386a32bf65d1c91a46
pp-posterior-utility-hit1,loto6,decision,next-81,1,5,0.0527871160694669,0.022055630579095768,0.030303431873552562,0.10535590736490708,16,5e59f6d0a57a1e5a78a70a0b1fac63d7293e45513d25923ab1ef2711f11084b0,dcd2d58b2d191dfb7dc0028d5d87c6e6a5195749c35fc7386a32bf65d1c91a46
pp-posterior-utility-hit1,loto6,decision,next-81,1,6,0.047306918376823895,0.01417261242417816,0.022393020130572948,0.06751745984181812,16,5e59f6d0a57a1e5a78a70a0b1fac63d7293e45513d25923ab1ef2711f11084b0,dcd2d58b2d191dfb7dc0028d5d87c6e6a5195749c35fc7386a32bf65d1c91a46
pp-posterior-utility-hit1,loto6,decision,next-81,1,7,0.0577199211364927,0.022603427484054212,0.021308621610301753,0.10120565928356448,16,5e59f6d0a57a1e5a78a70a0b1fac63d7293e45513d25923ab1ef2711f11084b0,dcd2d58b2d191dfb7dc0028d5d87c6e6a5195749c35fc7386a32bf65d1c91a46
pp-posterior-utility-hit1,loto6,decision,next-81,1,8,0.04994014204823363,0.020667187546245292,0.02287425475026269,0.0942085644639843,16,5e59f6d0a57a1e5a78a70a0b1fac63d7293e45513d25923ab1ef2711f11084b0,dcd2d58b2d191dfb7dc0028d5d87c6e6a5195749c35fc7386a32bf65d1c91a46
pp-posterior-utility-hit1,loto6,decision,next-81,1,9,0.03724229483410006,0.026059726144512352,0.012661049433320247,0.09503401176145125,16,5e59f6d0a57a1e5a78a70a0b1fac63d7293e45513d25923ab1ef2711f11084b0,dcd2d58b2d191dfb7dc0028d5d87c6e6a5195749c35fc7386a32bf65d1c91a46
pp-posterior-utility-hit1,loto6,decision,next-81,1,10,0.02098328798290024,0.0127662756286918,0.005419023357313437,0.044493940911050564,16,5e59f6d0a57a1e5a78a70a0b1fac63d7293e45513d25923ab1ef2711f11084b0,dcd2d58b2d191dfb7dc0028d5d87c6e6a5195749c35fc7386a32bf65d1c91a46
pp-posterior-utility-hit1,loto6,decision,next-81,1,11,0.05620279036967326,0.01918023969202751,0.030151250589984226,0.09496795382158349,16,5e59f6d0a57a1e5a78a70a0b1fac63d7293e45513d25923ab1ef2711f11084b0,dcd2d58b2d191dfb7dc0028d5d87c6e6a5195749c35fc7386a32bf65d1c91a46
pp-posterior-utility-hit1,loto6,decision,next-81,1,12,0.014381878558114097,0.01127399139596072,0.004453602305935583,0.03466304821360484,16,5e59f6d0a57a1e5a78a70a0b1fac63d7293e45513d25923ab1ef2711f11084b0,dcd2d58b2d191dfb7dc0028d5d87c6e6a5195749c35fc7386a32bf65d1c91a46
pp-posterior-utility-hit1,loto6,decision,next-81,1,13,0.016624108795717255,0.011943584696607992,0.0021327879677906962,0.04123931652073314,16,5e59f6d0a57a1e5a78a70a0b1fac63d7293e45513d25923ab1ef2711f11084b0,dcd2d58b2d191dfb7dc0028d5d87c6e6a5195749c35fc7386a32bf65d1c91a46
pp-posterior-utility-hit1,loto6,decision,next-81,1,14,0.00783909202924671,0.007769239581231847,0.0006978558020548294,0.02512009866452737,16,5e59f6d0a57a1e5a78a70a0b1fac63d7293e45513d25923ab1ef2711f11084b0,dcd2d58b2d191dfb7dc0028d5d87c6e6a5195749c35fc7386a32bf65d1c91a46
pp-posterior-utility-hit1,loto6,decision,next-81,1,15,0.015766619663393867,0.011962599849613108,0.004050951479295387,0.043533818123367665,16,5e59f6d0a57a1e5a78a70a0b1fac63d7293e45513d25923ab1ef2711f11084b0,dcd2d58b2d191dfb7dc0028d5d87c6e6a5195749c35fc7386a32bf65d1c91a46
pp-posterior-utility-hit1,loto6,decision,next-81,1,16,0.014291151860653224,0.008984605650683165,0.002443344168481644,0.02877860982017728,16,5e59f6d0a57a1e5a78a70a0b1fac63d7293e45513d25923ab1ef2711f11084b0,dcd2d58b2d191dfb7dc0028d5d87c6e6a5195749c35fc7386a32bf65d1c91a46
pp-posterior-utility-hit1,loto6,decision,next-81,1,17,0.019275769410213958,0.014573707398128702,0.0031418118080222958,0.050947787800376725,16,5e59f6d0a57a1e5a78a70a0b1fac63d7293e45513d25923ab1ef2711f11084b0,dcd2d58b2d191dfb7dc0028d5d87c6e6a5195749c35fc7386a32bf65d1c91a46
pp-posterior-utility-hit1,loto6,decision,next-81,1,18,0.01344105281143739,0.007513526418010499,0.00364939101295504,0.024741822306648495,16,5e59f6d0a57a1e5a78a70a0b1fac63d7293e45513d25923ab1ef2711f11084b0,dcd2d58b2d191dfb7dc0028d5d87c6e6a5195749c35fc7386a32bf65d1c91a46
pp-posterior-utility-hit1,loto6,decision,next-81,1,19,0.010886984051926465,0.00945648328068881,0.0005413995652300077,0.028009318459230704,16,5e59f6d0a57a1e5a78a70a0b1fac63d7293e45513d25923ab1ef2711f11084b0,dcd2d58b2d191dfb7dc0028d5d87c6e6a5195749c35fc7386a32bf65d1c91a46
pp-posterior-utility-hit1,loto6,decision,next-81,1,20,0.009367480242943394,0.012314173498477002,0.00032147715740233446,0.03691896767545286,16,5e59f6d0a57a1e5a78a70a0b1fac63d7293e45513d25923ab1ef2711f11084b0,dcd2d58b2d191dfb7dc0028d5d87c6e6a5195749c35fc7386a32bf65d1c91a46
pp-posterior-utility-hit1,loto6,decision,next-81,1,21,0.007648548482526399,0.008431754258248375,0.0002450890938862225,0.025861490121787418,16,5e59f6d0a57a1e5a78a70a0b1fac63d7293e45513d25923ab1ef2711f11084b0,dcd2d58b2d191dfb7dc0028d5d87c6e6a5195749c35fc7386a32bf65d1c91a46
pp-posterior-utility-hit1,loto6,decision,next-81,1,22,0.013636907492067175,0.008506384097979824,0.0018949373879744817,0.02755910825945654,16,5e59f6d0a57a1e5a78a70a0b1fac63d7293e45513d25923ab1ef2711f11084b0,dcd2d58b2d191dfb7dc0028d5d87c6e6a5195749c35fc7386a32bf65d1c91a46
pp-posterior-utility-hit1,loto6,decision,next-81,1,23,0.016419569816073544,0.007779784668210592,0.004468617735483947,0.027992091067138552,16,5e59f6d0a57a1e5a78a70a0b1fac63d7293e45513d25923ab1ef2711f11084b0,dcd2d58b2d191dfb7dc0028d5d87c6e6a5195749c35fc7386a32bf65d1c91a46
pp-posterior-utility-hit1,loto6,decision,next-81,1,24,0.006907672377456781,0.004861057145401548,0.0003737656934624234,0.016215424947949416,16,5e59f6d0a57a1e5a78a70a0b1fac63d7293e45513d25923ab1ef2711f11084b0,dcd2d58b2d191dfb7dc0028d5d87c6e6a5195749c35fc7386a32bf65d1c91a46
pp-posterior-utility-hit1,loto6,decision,next-81,1,25,0.006550978749025693,0.004392647658566987,0.0010681209262273898,0.01598553372968605,16,5e59f6d0a57a1e5a78a70a0b1fac63d7293e45513d25923ab1ef2711f11084b0,dcd2d58b2d191dfb7dc0028d5d87c6e6a5195749c35fc7386a32bf65d1c91a46
pp-posterior-utility-hit1,loto6,decision,next-81,1,26,0.014979812631819215,0.007516763644697543,0.005805049029249424,0.03092839239630904,16,5e59f6d0a57a1e5a78a70a0b1fac63d7293e45513d25923ab1ef2711f11084b0,dcd2d58b2d191dfb7dc0028d5d87c6e6a5195749c35fc7386a32bf65d1c91a46
pp-posterior-utility-hit1,loto6,decision,next-81,1,27,0.008144235650620283,0.008647495047625391,0.00030806261571387074,0.02719137503384804,16,5e59f6d0a57a1e5a78a70a0b1fac63d7293e45513d25923ab1ef2711f11084b0,dcd2d58b2d191dfb7dc0028d5d87c6e6a5195749c35fc7386a32bf65d1c91a46
pp-posterior-utility-hit1,loto6,decision,next-81,1,28,0.006327348107023225,0.0064564804293703575,0.00036216898838842076,0.020975819150106656,16,5e59f6d0a57a1e5a78a70a0b1fac63d7293e45513d25923ab1ef2711f11084b0,dcd2d58b2d191dfb7dc0028d5d87c6e6a5195749c35fc7386a32bf65d1c91a46
pp-posterior-utility-hit1,loto6,decision,next-81,1,29,0.008245308512667226,0.006195202254885405,0.0009257528791586422,0.018627350098703706,16,5e59f6d0a57a1e5a78a70a0b1fac63d7293e45513d25923ab1ef2711f11084b0,dcd2d58b2d191dfb7dc0028d5d87c6e6a5195749c35fc7386a32bf65d1c91a46
pp-posterior-utility-hit1,loto6,decision,next-81,1,30,0.009242636088236559,0.01026528080109779,0.000529445951948557,0.03295773145846537,16,5e59f6d0a57a1e5a78a70a0b1fac63d7293e45513d25923ab1ef2711f11084b0,dcd2d58b2d191dfb7dc0028d5d87c6e6a5195749c35fc7386a32bf65d1c91a46
pp-posterior-utility-hit1,loto6,decision,next-81,1,31,0.006540656071549163,0.005900827895468575,0.0005476759089964699,0.018583944131821947,16,5e59f6d0a57a1e5a78a70a0b1fac63d7293e45513d25923ab1ef2711f11084b0,dcd2d58b2d191dfb7dc0028d5d87c6e6a5195749c35fc7386a32bf65d1c91a46
pp-posterior-utility-hit1,loto6,decision,next-81,1,32,0.010087809406379206,0.013119252259735923,0.0005336714796315843,0.04097277880177645,16,5e59f6d0a57a1e5a78a70a0b1fac63d7293e45513d25923ab1ef2711f11084b0,dcd2d58b2d191dfb7dc0028d5d87c6e6a5195749c35fc7386a32bf65d1c91a46
pp-posterior-utility-hit1,loto6,decision,next-81,1,33,0.007553631972595467,0.007832646858902998,0.0001780430457389878,0.02315317984746286,16,5e59f6d0a57a1e5a78a70a0b1fac63d7293e45513d25923ab1ef2711f11084b0,dcd2d58b2d191dfb7dc0028d5d87c6e6a5195749c35fc7386a32bf65d1c91a46
pp-posterior-utility-hit1,loto6,decision,next-81,1,34,0.0075266399607877114,0.00734764807683371,0.0005799385197048341,0.024287549939681408,16,5e59f6d0a57a1e5a78a70a0b1fac63d7293e45513d25923ab1ef2711f11084b0,dcd2d58b2d191dfb7dc0028d5d87c6e6a5195749c35fc7386a32bf65d1c91a46
pp-posterior-utility-hit1,loto6,decision,next-81,1,35,0.008730634269151308,0.007395328690177591,0.0006288772569963473,0.022409010154276092,16,5e59f6d0a57a1e5a78a70a0b1fac63d7293e45513d25923ab1ef2711f11084b0,dcd2d58b2d191dfb7dc0028d5d87c6e6a5195749c35fc7386a32bf65d1c91a46
pp-posterior-utility-hit1,loto6,decision,next-81,1,36,0.009052663425778366,0.007561990530330882,0.000179955082803261,0.021758874668175963,16,5e59f6d0a57a1e5a78a70a0b1fac63d7293e45513d25923ab1ef2711f11084b0,dcd2d58b2d191dfb7dc0028d5d87c6e6a5195749c35fc7386a32bf65d1c91a46
pp-posterior-utility-hit1,loto6,decision,next-81,1,37,0.006461948731613508,0.005322354466490925,0.0013666219614841104,0.018825541791434232,16,5e59f6d0a57a1e5a78a70a0b1fac63d7293e45513d25923ab1ef2711f11084b0,dcd2d58b2d191dfb7dc0028d5d87c6e6a5195749c35fc7386a32bf65d1c91a46
pp-posterior-utility-hit1,loto6,decision,next-81,1,38,0.006429671053425896,0.0067450807963173095,0.00010241950412039083,0.01954046888156242,16,5e59f6d0a57a1e5a78a70a0b1fac63d7293e45513d25923ab1ef2711f11084b0,dcd2d58b2d191dfb7dc0028d5d87c6e6a5195749c35fc7386a32bf65d1c91a46
pp-posterior-utility-hit1,loto6,decision,next-81,1,39,0.006817135887618273,0.006907768957368497,0.0002102950433852903,0.022363781173287453,16,5e59f6d0a57a1e5a78a70a0b1fac63d7293e45513d25923ab1ef2711f11084b0,dcd2d58b2d191dfb7dc0028d5d87c6e6a5195749c35fc7386a32bf65d1c91a46
pp-posterior-utility-hit1,loto6,decision,next-81,1,40,0.011356584389681571,0.010564556601816325,0.0004865170923115766,0.029830671951550654,16,5e59f6d0a57a1e5a78a70a0b1fac63d7293e45513d25923ab1ef2711f11084b0,dcd2d58b2d191dfb7dc0028d5d87c6e6a5195749c35fc7386a32bf65d1c91a46
pp-posterior-utility-hit1,loto6,decision,next-81,1,41,0.005324582764188138,0.005394359534697612,0.00010014069373853484,0.017023492037034054,16,5e59f6d0a57a1e5a78a70a0b1fac63d7293e45513d25923ab1ef2711f11084b0,dcd2d58b2d191dfb7dc0028d5d87c6e6a5195749c35fc7386a32bf65d1c91a46
pp-posterior-utility-hit1,loto6,decision,next-81,1,42,0.010967581834290266,0.00920269546855286,0.0014812265549444962,0.027620813583620587,16,5e59f6d0a57a1e5a78a70a0b1fac63d7293e45513d25923ab1ef2711f11084b0,dcd2d58b2d191dfb7dc0028d5d87c6e6a5195749c35fc7386a32bf65d1c91a46
pp-posterior-utility-hit1,loto6,decision,next-81,1,43,0.0064889819429886555,0.004805472629888846,0.0007695320045760534,0.014743974677916346,16,5e59f6d0a57a1e5a78a70a0b1fac63d7293e45513d25923ab1ef2711f11084b0,dcd2d58b2d191dfb7dc0028d5d87c6e6a5195749c35fc7386a32bf65d1c91a46
pp-posterior-utility-hit1,loto6,decision,next-81,2,1,0.008214326359678273,0.0070608900608501194,0.0011755000508719355,0.021478527977186166,16,5e59f6d0a57a1e5a78a70a0b1fac63d7293e45513d25923ab1ef2711f11084b0,dcd2d58b2d191dfb7dc0028d5d87c6e6a5195749c35fc7386a32bf65d1c91a46
pp-posterior-utility-hit1,loto6,decision,next-81,2,2,0.03523270426780899,0.015013934457846777,0.01310325800072884,0.06201829634624134,16,5e59f6d0a57a1e5a78a70a0b1fac63d7293e45513d25923ab1ef2711f11084b0,dcd2d58b2d191dfb7dc0028d5d87c6e6a5195749c35fc7386a32bf65d1c91a46
pp-posterior-utility-hit1,loto6,decision,next-81,2,3,0.03149878701668211,0.019458294257294305,0.005989372035843826,0.06956506254712491,16,5e59f6d0a57a1e5a78a70a0b1fac63d7293e45513d25923ab1ef2711f11084b0,dcd2d58b2d191dfb7dc0028d5d87c6e6a5195749c35fc7386a32bf65d1c91a46
pp-posterior-utility-hit1,loto6,decision,next-81,2,4,0.021576652442681265,0.011131636283151475,0.007094716935701253,0.043853371807024276,16,5e59f6d0a57a1e5a78a70a0b1fac63d7293e45513d25923ab1ef2711f11084b0,dcd2d58b2d191dfb7dc0028d5d87c6e6a5195749c35fc7386a32bf65d1c91a46
pp-posterior-utility-hit1,loto6,decision,next-81,2,5,0.03543899303393846,0.013954926930639187,0.017673346495829755,0.060731847934264026,16,5e59f6d0a57a1e5a78a70a0b1fac63d7293e45513d25923ab1ef2711f11084b0,dcd2d58b2d191dfb7dc0028d5d87c6e6a5195749c35fc7386a32bf65d1c91a46
pp-posterior-utility-hit1,loto6,decision,next-81,2,6,0.07310985077875914,0.021259141712495124,0.048256074748712546,0.10984644078853036,16,5e59f6d0a57a1e5a78a70a0b1fac63d7293e45513d25923ab1ef2711f11084b0,dcd2d58b2d191dfb7dc0028d5d87c6e6a5195749c35fc7386a32bf65d1c91a46
pp-posterior-utility-hit1,loto6,decision,next-81,2,7,0.0322202999294847,0.015814163944538048,0.013447971707757578,0.06267358446291328,16,5e59f6d0a57a1e5a78a70a0b1fac63d7293e45513d25923ab1ef2711f11084b0,dcd2d58b2d191dfb7dc0028d5d87c6e6a5195749c35fc7386a32bf65d1c91a46
pp-posterior-utility-hit1,loto6,decision,next-81,2,8,0.07000797731320793,0.023191463274033812,0.03882934676519858,0.11027069822912525,16,5e59f6d0a57a1e5a78a70a0b1fac63d7293e45513d25923ab1ef2711f11084b0,dcd2d58b2d191dfb7dc0028d5d87c6e6a5195749c35fc7386a32bf65d1c91a46
pp-posterior-utility-hit1,loto6,decision,next-81,2,9,0.04759569864479578,0.01569130685328908,0.033626544562673055,0.07904554697287627,16,5e59f6d0a57a1e5a78a70a0b1fac63d7293e45513d25923ab1ef2711f11084b0,dcd2d58b2d191dfb7dc0028d5d87c6e6a5195749c35fc7386a32bf65d1c91a46
pp-posterior-utility-hit1,loto6,decision,next-81,2,10,0.04274757932371584,0.015412048973571131,0.01584111829230645,0.06944576857902986,16,5e59f6d0a57a1e5a78a70a0b1fac63d7293e45513d25923ab1ef2711f11084b0,dcd2d58b2d191dfb7dc0028d5d87c6e6a5195749c35fc7386a32bf65d1c91a46
pp-posterior-utility-hit1,loto6,decision,next-81,2,11,0.022639785442970288,0.01749993498441406,0.0063283241115456865,0.061419117941422824,16,5e59f6d0a57a1e5a78a70a0b1fac63d7293e45513d25923ab1ef2711f11084b0,dcd2d58b2d191dfb7dc0028d5d87c6e6a5195749c35fc7386a32bf65d1c91a46
pp-posterior-utility-hit1,loto6,decision,next-81,2,12,0.022726222311533123,0.01278945282911511,0.0058359537315874396,0.041922033240204076,16,5e59f6d0a57a1e5a78a70a0b1fac63d7293e45513d25923ab1ef2711f11084b0,dcd2d58b2d191dfb7dc0028d5d87c6e6a5195749c35fc7386a32bf65d1c91a46
pp-posterior-utility-hit1,loto6,decision,next-81,2,13,0.02652716480760316,0.011167203713256049,0.008177352141407275,0.04514935275148068,16,5e59f6d0a57a1e5a78a70a0b1fac63d7293e45513d25923ab1ef2711f11084b0,dcd2d58b2d191dfb7dc0028d5d87c6e6a5195749c35fc7386a32bf65d1c91a46
pp-posterior-utility-hit1,loto6,decision,next-81,2,14,0.03755662196934016,0.011839337440940925,0.021687392380839655,0.05582662303424686,16,5e59f6d0a57a1e5a78a70a0b1fac63d7293e45513d25923ab1ef2711f11084b0,dcd2d58b2d191dfb7dc0028d5d87c6e6a5195749c35fc7386a32bf65d1c91a46
pp-posterior-utility-hit1,loto6,decision,next-81,2,15,0.00766043594131896,0.006149408650149006,0.0007178778449597263,0.02152953713829603,16,5e59f6d0a57a1e5a78a70a0b1fac63d7293e45513d25923ab1ef2711f11084b0,dcd2d58b2d191dfb7dc0028d5d87c6e6a5195749c35fc7386a32bf65d1c91a46
pp-posterior-utility-hit1,loto6,decision,next-81,2,16,0.05471029416113425,0.02076752433728391,0.03129525077326378,0.0925161285851231,16,5e59f6d0a57a1e5a78a70a0b1fac63d7293e45513d25923ab1ef2711f11084b0,dcd2d58b2d191dfb7dc0028d5d87c6e6a5195749c35fc7386a32bf65d1c91a46
pp-posterior-utility-hit1,loto6,decision,next-81,2,17,0.042336118147375874,0.021503573999699717,0.0166549120117765,0.08981361351496182,16,5e59f6d0a57a1e5a78a70a0b1fac63d7293e45513d25923ab1ef2711f11084b0,dcd2d58b2d191dfb7dc0028d5d87c6e6a5195749c35fc7386a32bf65d1c91a46
pp-posterior-utility-hit1,loto6,decision,next-81,2,18,0.03211859820051722,0.01919866651555099,0.010587782789810483,0.07526775255213079,16,5e59f6d0a57a1e5a78a70a0b1fac63d7293e45513d25923ab1ef2711f11084b0,dcd2d58b2d191dfb7dc0028d5d87c6e6a5195749c35fc7386a32bf65d1c91a46
pp-posterior-utility-hit1,loto6,decision,next-81,2,19,0.04363097437196445,0.02424917184878596,0.015953104156538226,0.09900134546670496,16,5e59f6d0a57a1e5a78a70a0b1fac63d7293e45513d25923ab1ef2711f11084b0,dcd2d58b2d191dfb7dc0028d5d87c6e6a5195749c35fc7386a32bf65d1c91a46
pp-posterior-utility-hit1,loto6,decision,next-81,2,20,0.003668017544540644,0.00460239440026285,0.0005005345348723865,0.015151351208734756,16,5e59f6d0a57a1e5a78a70a0b1fac63d7293e45513d25923ab1ef2711f11084b0,dcd2d58b2d191dfb7dc0028d5d87c6e6a5195749c35fc7386a32bf65d1c91a46
pp-posterior-utility-hit1,loto6,decision,next-81,2,21,0.01425971700504658,0.008367464315177018,0.003338060451924076,0.03015856684180659,16,5e59f6d0a57a1e5a78a70a0b1fac63d7293e45513d25923ab1ef2711f11084b0,dcd2d58b2d191dfb7dc0028d5d87c6e6a5195749c35fc7386a32bf65d1c91a46
pp-posterior-utility-hit1,loto6,decision,next-81,2,22,0.007106936685428271,0.008463739353110782,0.0013131493628833085,0.028869845805455752,16,5e59f6d0a57a1e5a78a70a0b1fac63d7293e45513d25923ab1ef2711f11084b0,dcd2d58b2d191dfb7dc0028d5d87c6e6a5195749c35fc7386a32bf65d1c91a46
pp-posterior-utility-hit1,loto6,decision,next-81,2,23,0.05772947110802265,0.019301364739524332,0.02929933598662387,0.09293116717779358,16,5e59f6d0a57a1e5a78a70a0b1fac63d7293e45513d25923ab1ef2711f11084b0,dcd2d58b2d191dfb7dc0028d5d87c6e6a5195749c35fc7386a32bf65d1c91a46
pp-posterior-utility-hit1,loto6,decision,next-81,2,24,0.03084499560225404,0.01694548548902808,0.01221916654618493,0.06655857638502755,16,5e59f6d0a57a1e5a78a70a0b1fac63d7293e45513d25923ab1ef2711f11084b0,dcd2d58b2d191dfb7dc0028d5d87c6e6a5195749c35fc7386a32bf65d1c91a46
pp-posterior-utility-hit1,loto6,decision,next-81,2,25,0.014301323240611438,0.009729968906201978,0.001451140514841214,0.034249521027921496,16,5e59f6d0a57a1e5a78a70a0b1fac63d7293e45513d25923ab1ef2711f11084b0,dcd2d58b2d191dfb7dc0028d5d87c6e6a5195749c35fc7386a32bf65d1c91a46
pp-posterior-utility-hit1,loto6,decision,next-81,2,26,0.01535147756600954,0.009597608751590166,0.004675625193038793,0.03611216862201746,16,5e59f6d0a57a1e5a78a70a0b1fac63d7293e45513d25923ab1ef2711f11084b0,dcd2d58b2d191dfb7dc0028d5d87c6e6a5195749c35fc7386a32bf65d1c91a46
pp-posterior-utility-hit1,loto6,decision,next-81,2,27,0.019648282700207464,0.008940615122808568,0.006422598512365181,0.03677037300793711,16,5e59f6d0a57a1e5a78a70a0b1fac63d7293e45513d25923ab1ef2711f11084b0,dcd2d58b2d191dfb7dc0028d5d87c6e6a5195749c35fc7386a32bf65d1c91a46
pp-posterior-utility-hit1,loto6,decision,next-81,2,28,0.014160292568459847,0.011428286497939375,0.0030837984242420274,0.034913878000056714,16,5e59f6d0a57a1e5a78a70a0b1fac63d7293e45513d25923ab1ef2711f11084b0,dcd2d58b2d191dfb7dc0028d5d87c6e6a5195749c35fc7386a32bf65d1c91a46
pp-posterior-utility-hit1,loto6,decision,next-81,2,29,0.0067944313345467576,0.004852430499254481,0.0009487032653310381,0.01694301060037966,16,5e59f6d0a57a1e5a78a70a0b1fac63d7293e45513d25923ab1ef2711f11084b0,dcd2d58b2d191dfb7dc0028d5d87c6e6a5195749c35fc7386a32bf65d1c91a46
pp-posterior-utility-hit1,loto6,decision,next-81,2,30,0.00662720523334519,0.005887204348580486,0.0010085040940867357,0.019724616885421035,16,5e59f6d0a57a1e5a78a70a0b1fac63d7293e45513d25923ab1ef2711f11084b0,dcd2d58b2d191dfb7dc0028d5d87c6e6a5195749c35fc7386a32bf65d1c91a46
pp-posterior-utility-hit1,loto6,decision,next-81,2,31,0.009987046382747337,0.008489272894603557,0.0002336256615747152,0.0224640219483404,16,5e59f6d0a57a1e5a78a70a0b1fac63d7293e45513d25923ab1ef2711f11084b0,dcd2d58b2d191dfb7dc0028d5d87c6e6a5195749c35fc7386a32bf65d1c91a46
pp-posterior-utility-hit1,loto6,decision,next-81,2,32,0.00728004877714653,0.009571632669822515,0.00021812943443538446,0.03003801869539483,16,5e59f6d0a57a1e5a78a70a0b1fac63d7293e45513d25923ab1ef2711f11084b0,dcd2d58b2d191dfb7dc0028d5d87c6e6a5195749c35fc7386a32bf65d1c91a46
pp-posterior-utility-hit1,loto6,decision,next-81,2,33,0.005519511319957901,0.006179199989883621,0.00016387619148920793,0.01871272886927353,16,5e59f6d0a57a1e5a78a70a0b1fac63d7293e45513d25923ab1ef2711f11084b0,dcd2d58b2d191dfb7dc0028d5d87c6e6a5195749c35fc7386a32bf65d1c91a46
pp-posterior-utility-hit1,loto6,decision,next-81,2,34,0.00579404271630546,0.0036986550550614054,0.0002917198594100569,0.011630026153489927,16,5e59f6d0a57a1e5a78a70a0b1fac63d7293e45513d25923ab1ef2711f11084b0,dcd2d58b2d191dfb7dc0028d5d87c6e6a5195749c35fc7386a32bf65d1c91a46
pp-posterior-utility-hit1,loto6,decision,next-81,2,35,0.020917487583757725,0.013607280453357204,0.005497894365231831,0.04504096804613368,16,5e59f6d0a57a1e5a78a70a0b1fac63d7293e45513d25923ab1ef2711f11084b0,dcd2d58b2d191dfb7dc0028d5d87c6e6a5195749c35fc7386a32bf65d1c91a46
pp-posterior-utility-hit1,loto6,decision,next-81,2,36,0.009260745360340232,0.009308595675884513,0.0006650765308693902,0.029378922413682125,16,5e59f6d0a57a1e5a78a70a0b1fac63d7293e45513d25923ab1ef2711f11084b0,dcd2d58b2d191dfb7dc0028d5d87c6e6a5195749c35fc7386a32bf65d1c91a46
pp-posterior-utility-hit1,loto6,decision,next-81,2,37,0.008941610738453579,0.009812829612494047,0.0007866183963536684,0.03192707657186027,16,5e59f6d0a57a1e5a78a70a0b1fac63d7293e45513d25923ab1ef2711f11084b0,dcd2d58b2d191dfb7dc0028d5d87c6e6a5195749c35fc7386a32bf65d1c91a46
pp-posterior-utility-hit1,loto6,decision,next-81,2,38,0.008446064796649761,0.004938507428065187,0.0033321413391039865,0.018253306560530782,16,5e59f6d0a57a1e5a78a70a0b1fac63d7293e45513d25923ab1ef2711f11084b0,dcd2d58b2d191dfb7dc0028d5d87c6e6a5195749c35fc7386a32bf65d1c91a46
pp-posterior-utility-hit1,loto6,decision,next-81,2,39,0.008598178068883978,0.010656803183984062,0.0003527980383023103,0.03397825932697698,16,5e59f6d0a57a1e5a78a70a0b1fac63d7293e45513d25923ab1ef2711f11084b0,dcd2d58b2d191dfb7dc0028d5d87c6e6a5195749c35fc7386a32bf65d1c91a46
pp-posterior-utility-hit1,loto6,decision,next-81,2,40,0.011383009207123594,0.011292206751956925,0.001647535888012686,0.038537317042185396,16,5e59f6d0a57a1e5a78a70a0b1fac63d7293e45513d25923ab1ef2711f11084b0,dcd2d58b2d191dfb7dc0028d5d87c6e6a5195749c35fc7386a32bf65d1c91a46
pp-posterior-utility-hit1,loto6,decision,next-81,2,41,0.008142583411120726,0.008331582126654422,0.00021503726228711662,0.02476972938533007,16,5e59f6d0a57a1e5a78a70a0b1fac63d7293e45513d25923ab1ef2711f11084b0,dcd2d58b2d191dfb7dc0028d5d87c6e6a5195749c35fc7386a32bf65d1c91a46
pp-posterior-utility-hit1,loto6,decision,next-81,2,42,0.008012203591943816,0.007456676227279216,0.00043238850194112497,0.02121728840553557,16,5e59f6d0a57a1e5a78a70a0b1fac63d7293e45513d25923ab1ef2711f11084b0,dcd2d58b2d191dfb7dc0028d5d87c6e6a5195749c35fc7386a32bf65d1c91a46
pp-posterior-utility-hit1,loto6,decision,next-81,2,43,0.009676232992586974,0.008942194085123244,0.00082259367219007,0.02924582985377643,16,5e59f6d0a57a1e5a78a70a0b1fac63d7293e45513d25923ab1ef2711f11084b0,dcd2d58b2d191dfb7dc0028d5d87c6e6a5195749c35fc7386a32bf65d1c91a46
pp-posterior-utility-hit1,loto6,decision,next-81,3,1,0.006304504340276851,0.005200616115834844,0.0004877370420781279,0.016765990177580754,16,5e59f6d0a57a1e5a78a70a0b1fac63d7293e45513d25923ab1ef2711f11084b0,dcd2d58b2d191dfb7dc0028d5d87c6e6a5195749c35fc7386a32bf65d1c91a46
pp-posterior-utility-hit1,loto6,decision,next-81,3,2,0.005200271924190382,0.0060143583073047294,0.0006668573488844073,0.01997155042860278,16,5e59f6d0a57a1e5a78a70a0b1fac63d7293e45513d25923ab1ef2711f11084b0,dcd2d58b2d191dfb7dc0028d5d87c6e6a5195749c35fc7386a32bf65d1c91a46
pp-posterior-utility-hit1,loto6,decision,next-81,3,3,0.007305526882462641,0.009899520228731308,0.00033019224193624175,0.030149014860131176,16,5e59f6d0a57a1e5a78a70a0b1fac63d7293e45513d25923ab1ef2711f11084b0,dcd2d58b2d191dfb7dc0028d5d87c6e6a5195749c35fc7386a32bf65d1c91a46
pp-posterior-utility-hit1,loto6,decision,next-81,3,4,0.026003403017644016,0.014565778680270642,0.005296323907481477,0.05132568804338137,16,5e59f6d0a57a1e5a78a70a0b1fac63d7293e45513d25923ab1ef2711f11084b0,dcd2d58b2d191dfb7dc0028d5d87c6e6a5195749c35fc7386a32bf65d1c91a46
pp-posterior-utility-hit1,loto6,decision,next-81,3,5,0.019299865669338206,0.011708958867997523,0.005467455997322809,0.0456681251260823,16,5e59f6d0a57a1e5a78a70a0b1fac63d7293e45513d25923ab1ef2711f11084b0,dcd2d58b2d191dfb7dc0028d5d87c6e6a5195749c35fc7386a32bf65d1c91a46
pp-posterior-utility-hit1,loto6,decision,next-81,3,6,0.01802332170886531,0.012494906659737131,0.0026410278757226626,0.04269197034817737,16,5e59f6d0a57a1e5a78a70a0b1fac63d7293e45513d25923ab1ef2711f11084b0,dcd2d58b2d191dfb7dc0028d5d87c6e6a5195749c35fc7386a32bf65d1c91a46
pp-posterior-utility-hit1,loto6,decision,next-81,3,7,0.020004124869769123,0.010699602769568215,0.006241296938820086,0.040389223344111644,16,5e59f6d0a57a1e5a78a70a0b1fac63d7293e45513d25923ab1ef2711f11084b0,dcd2d58b2d191dfb7dc0028d5d87c6e6a5195749c35fc7386a32bf65d1c91a46
pp-posterior-utility-hit1,loto6,decision,next-81,3,8,0.024521706914056907,0.013901049796439763,0.006022631002247933,0.052203657316836884,16,5e59f6d0a57a1e5a78a70a0b1fac63d7293e45513d25923ab1ef2711f11084b0,dcd2d58b2d191dfb7dc0028d5d87c6e6a5195749c35fc7386a32bf65d1c91a46
pp-posterior-utility-hit1,loto6,decision,next-81,3,9,0.038825054531869574,0.016364349400172885,0.01369211609403647,0.06172366058057674,16,5e59f6d0a57a1e5a78a70a0b1fac63d7293e45513d25923ab1ef2711f11084b0,dcd2d58b2d191dfb7dc0028d5d87c6e6a5195749c35fc7386a32bf65d1c91a46
pp-posterior-utility-hit1,loto6,decision,next-81,3,10,0.02538545541998865,0.01356585011221464,0.008765314297102587,0.0527583639983325,16,5e59f6d0a57a1e5a78a70a0b1fac63d7293e45513d25923ab1ef2711f11084b0,dcd2d58b2d191dfb7dc0028d5d87c6e6a5195749c35fc7386a32bf65d1c91a46
pp-posterior-utility-hit1,loto6,decision,next-81,3,11,0.012282264599090303,0.007700318853032355,0.004264340237644279,0.027116545048446208,16,5e59f6d0a57a1e5a78a70a0b1fac63d7293e45513d25923ab1ef2711f11084b0,dcd2d58b2d191dfb7dc0028d5d87c6e6a5195749c35fc7386a32bf65d1c91a46
pp-posterior-utility-hit1,loto6,decision,next-81,3,12,0.018379657959804497,0.00903216508106448,0.006224139038526552,0.03227287328727817,16,5e59f6d0a57a1e5a78a70a0b1fac63d7293e45513d25923ab1ef2711f11084b0,dcd2d58b2d191dfb7dc0028d5d87c6e6a5195749c35fc7386a32bf65d1c91a46
pp-posterior-utility-hit1,loto6,decision,next-81,3,13,0.05081859803222944,0.012992243138385491,0.03478538475171436,0.07661627782208935,16,5e59f6d0a57a1e5a78a70a0b1fac63d7293e45513d25923ab1ef2711f11084b0,dcd2d58b2d191dfb7dc0028d5d87c6e6a5195749c35fc7386a32bf65d1c91a46
pp-posterior-utility-hit1,loto6,decision,next-81,3,14,0.04434290058893245,0.016929845128400352,0.01882881449524409,0.07088035762057315,16,5e59f6d0a57a1e5a78a70a0b1fac63d7293e45513d25923ab1ef2711f11084b0,dcd2d58b2d191dfb7dc0028d5d87c6e6a5195749c35fc7386a32bf65d1c91a46
pp-posterior-utility-hit1,loto6,decision,next-81,3,15,0.004305899688147976,0.005642308499273685,0.0001893860666750164,0.01809416355363194,16,5e59f6d0a57a1e5a78a70a0b1fac63d7293e45513d25923ab1ef2711f11084b0,dcd2d58b2d191dfb7dc0028d5d87c6e6a5195749c35fc7386a32bf65d1c91a46
pp-posterior-utility-hit1,loto6,decision,next-81,3,16,0.05820332891789399,0.020650718712376587,0.0334877731217072,0.1011092815903743,16,5e59f6d0a57a1e5a78a70a0b1fac63d7293e45513d25923ab1ef2711f11084b0,dcd2d58b2d191dfb7dc0028d5d87c6e6a5195749c35fc7386a32bf65d1c91a46
pp-posterior-utility-hit1,loto6,decision,next-81,3,17,0.04176736868583777,0.013577712709686626,0.019534043127240323,0.061262815049727505,16,5e59f6d0a57a1e5a78a70a0b1fac63d7293e45513d25923ab1ef2711f11084b0,dcd2d58b2d191dfb7dc0028d5d87c6e6a5195749c35fc7386a32bf65d1c91a46
pp-posterior-utility-hit1,loto6,decision,next-81,3,18,0.0425011701669168,0.017529801028207892,0.014912511117684338,0.06909623886145691,16,5e59f6d0a57a1e5a78a70a0b1fac63d7293e45513d25923ab1ef2711f11084b0,dcd2d58b2d191dfb7dc0028d5d87c6e6a5195749c35fc7386a32bf65d1c91a46
pp-posterior-utility-hit1,loto6,decision,next-81,3,19,0.06170217938762474,0.02633589348834603,0.03140657196422214,0.11739787490286231,16,5e59f6d0a57a1e5a78a70a0b1fac63d7293e45513d25923ab1ef2711f11084b0,dcd2d58b2d191dfb7dc0028d5d87c6e6a5195749c35fc7386a32bf65d1c91a46
pp-posterior-utility-hit1,loto6,decision,next-81,3,20,0.029246798746319136,0.012325669334654395,0.010300001664292489,0.04850366936773349,16,5e59f6d0a57a1e5a78a70a0b1fac63d7293e45513d25923ab1ef2711f11084b0,dcd2d58b2d191dfb7dc0028d5d87c6e6a5195749c35fc7386a32bf65d1c91a46
pp-posterior-utility-hit1,loto6,decision,next-81,3,21,0.0365783349858518,0.012994573737081181,0.016442695407097356,0.05983611693541842,16,5e59f6d0a57a1e5a78a70a0b1fac63d7293e45513d25923ab1ef2711f11084b0,dcd2d58b2d191dfb7dc0028d5d87c6e6a5195749c35fc7386a32bf65d1c91a46
pp-posterior-utility-hit1,loto6,decision,next-81,3,22,0.027366109321781035,0.015496626069381136,0.007362038348223113,0.06037258077590209,16,5e59f6d0a57a1e5a78a70a0b1fac63d7293e45513d25923ab1ef2711f11084b0,dcd2d58b2d191dfb7dc0028d5d87c6e6a5195749c35fc7386a32bf65d1c91a46
pp-posterior-utility-hit1,loto6,decision,next-81,3,23,0.023493343967782708,0.013303846119172682,0.0025621759214033047,0.04148506692927296,16,5e59f6d0a57a1e5a78a70a0b1fac63d7293e45513d25923ab1ef2711f11084b0,dcd2d58b2d191dfb7dc0028d5d87c6e6a5195749c35fc7386a32bf65d1c91a46
pp-posterior-utility-hit1,loto6,decision,next-81,3,24,0.026795588989945888,0.013040453591157223,0.006128197639979321,0.04841099526867772,16,5e59f6d0a57a1e5a78a70a0b1fac63d7293e45513d25923ab1ef2711f11084b0,dcd2d58b2d191dfb7dc0028d5d87c6e6a5195749c35fc7386a32bf65d1c91a46
pp-posterior-utility-hit1,loto6,decision,next-81,3,25,0.03294429779341714,0.015310980029943199,0.012080413189281389,0.0607171000214591,16,5e59f6d0a57a1e5a78a70a0b1fac63d7293e45513d25923ab1ef2711f11084b0,dcd2d58b2d191dfb7dc0028d5d87c6e6a5195749c35fc7386a32bf65d1c91a46
pp-posterior-utility-hit1,loto6,decision,next-81,3,26,0.02955545578417525,0.012019359958108287,0.014473988952400815,0.054463790663727245,16,5e59f6d0a57a1e5a78a70a0b1fac63d7293e45513d25923ab1ef2711f11084b0,dcd2d58b2d191dfb7dc0028d5d87c6e6a5195749c35fc7386a32bf65d1c91a46
pp-posterior-utility-hit1,loto6,decision,next-81,3,27,0.04228920577808422,0.021072999655203973,0.017725840611277077,0.09049851669019297,16,5e59f6d0a57a1e5a78a70a0b1fac63d7293e45513d25923ab1ef2711f11084b0,dcd2d58b2d191dfb7dc0028d5d87c6e6a5195749c35fc7386a32bf65d1c91a46
pp-posterior-utility-hit1,loto6,decision,next-81,3,28,0.028564585963331435,0.0131467610669781,0.007719996066648346,0.051652465270045446,16,5e59f6d0a57a1e5a78a70a0b1fac63d7293e45513d25923ab1ef2711f11084b0,dcd2d58b2d191dfb7dc0028d5d87c6e6a5195749c35fc7386a32bf65d1c91a46
pp-posterior-utility-hit1,loto6,decision,next-81,3,29,0.020687301607110083,0.010662513271845827,0.00466994193556495,0.0416885098801539,16,5e59f6d0a57a1e5a78a70a0b1fac63d7293e45513d25923ab1ef2711f11084b0,dcd2d58b2d191dfb7dc0028d5d87c6e6a5195749c35fc7386a32bf65d1c91a46
pp-posterior-utility-hit1,loto6,decision,next-81,3,30,0.018364940265244267,0.01126924728070538,0.006117122695853488,0.03570225453840563,16,5e59f6d0a57a1e5a78a70a0b1fac63d7293e45513d25923ab1ef2711f11084b0,dcd2d58b2d191dfb7dc0028d5d87c6e6a5195749c35fc7386a32bf65d1c91a46
pp-posterior-utility-hit1,loto6,decision,next-81,3,31,0.021755638438673633,0.011996054007634727,0.004629305905812543,0.04210461700470234,16,5e59f6d0a57a1e5a78a70a0b1fac63d7293e45513d25923ab1ef2711f11084b0,dcd2d58b2d191dfb7dc0028d5d87c6e6a5195749c35fc7386a32bf65d1c91a46
pp-posterior-utility-hit1,loto6,decision,next-81,3,32,0.006019037380075252,0.005334806629106065,0.00026971094135159183,0.015017571671414303,16,5e59f6d0a57a1e5a78a70a0b1fac63d7293e45513d25923ab1ef2711f11084b0,dcd2d58b2d191dfb7dc0028d5d87c6e6a5195749c35fc7386a32bf65d1c91a46
pp-posterior-utility-hit1,loto6,decision,next-81,3,33,0.0072094113526959295,0.00675386075699846,0.0002731072481296939,0.020554030752576547,16,5e59f6d0a57a1e5a78a70a0b1fac63d7293e45513d25923ab1ef2711f11084b0,dcd2d58b2d191dfb7dc0028d5d87c6e6a5195749c35fc7386a32bf65d1c91a46
pp-posterior-utility-hit1,loto6,decision,next-81,3,34,0.01624188564000113,0.008024145802287866,0.006277914042677254,0.03224289503646245,16,5e59f6d0a57a1e5a78a70a0b1fac63d7293e45513d25923ab1ef2711f11084b0,dcd2d58b2d191dfb7dc0028d5d87c6e6a5195749c35fc7386a32bf65d1c91a46
pp-posterior-utility-hit1,loto6,decision,next-81,3,35,0.009392191041555004,0.00873092485653135,0.00078436656888727,0.028274078391009407,16,5e59f6d0a57a1e5a78a70a0b1fac63d7293e45513d25923ab1ef2711f11084b0,dcd2d58b2d191dfb7dc0028d5d87c6e6a5195749c35fc7386a32bf65d1c91a46
pp-posterior-utility-hit1,loto6,decision,next-81,3,36,0.017535872599836813,0.011321637488659015,0.00611188156389259,0.04124074979981438,16,5e59f6d0a57a1e5a78a70a0b1fac63d7293e45513d25923ab1ef2711f11084b0,dcd2d58b2d191dfb7dc0028d5d87c6e6a5195749c35fc7386a32bf65d1c91a46
pp-posterior-utility-hit1,loto6,decision,next-81,3,37,0.01535225042865793,0.011690654460126926,0.004677722450295228,0.03912926889933744,16,5e59f6d0a57a1e5a78a70a0b1fac63d7293e45513d25923ab1ef2711f11084b0,dcd2d58b2d191dfb7dc0028d5d87c6e6a5195749c35fc7386a32bf65d1c91a46
pp-posterior-utility-hit1,loto6,decision,next-81,3,38,0.016164627049561568,0.011480027765244875,0.0030203691449657705,0.03811109609642205,16,5e59f6d0a57a1e5a78a70a0b1fac63d7293e45513d25923ab1ef2711f11084b0,dcd2d58b2d191dfb7dc0028d5d87c6e6a5195749c35fc7386a32bf65d1c91a46
pp-posterior-utility-hit1,loto6,decision,next-81,3,39,0.01826900476169296,0.012925107017012823,0.004416537569042701,0.04722364170752332,16,5e59f6d0a57a1e5a78a70a0b1fac63d7293e45513d25923ab1ef2711f11084b0,dcd2d58b2d191dfb7dc0028d5d87c6e6a5195749c35fc7386a32bf65d1c91a46
pp-posterior-utility-hit1,loto6,decision,next-81,3,40,0.006677573234378203,0.006655884450130708,0.000701728226935442,0.022184232786215077,16,5e59f6d0a57a1e5a78a70a0b1fac63d7293e45513d25923ab1ef2711f11084b0,dcd2d58b2d191dfb7dc0028d5d87c6e6a5195749c35fc7386a32bf65d1c91a46
pp-posterior-utility-hit1,loto6,decision,next-81,3,41,0.00460455936459121,0.004024435618354043,0.0005634115007468904,0.01111373824508684,16,5e59f6d0a57a1e5a78a70a0b1fac63d7293e45513d25923ab1ef2711f11084b0,dcd2d58b2d191dfb7dc0028d5d87c6e6a5195749c35fc7386a32bf65d1c91a46
pp-posterior-utility-hit1,loto6,decision,next-81,3,42,0.010351689703455567,0.011883436676003141,0.00021188195108251274,0.03517769698706384,16,5e59f6d0a57a1e5a78a70a0b1fac63d7293e45513d25923ab1ef2711f11084b0,dcd2d58b2d191dfb7dc0028d5d87c6e6a5195749c35fc7386a32bf65d1c91a46
pp-posterior-utility-hit1,loto6,decision,next-81,3,43,0.009363692496842206,0.01253637406359964,0.0001830702561151355,0.040448363030852676,16,5e59f6d0a57a1e5a78a70a0b1fac63d7293e45513d25923ab1ef2711f11084b0,dcd2d58b2d191dfb7dc0028d5d87c6e6a5195749c35fc7386a32bf65d1c91a46
pp-posterior-utility-hit1,loto6,decision,next-81,4,1,0.010822718528513192,0.01043276141240009,0.0008083159208107978,0.03480460418312472,16,5e59f6d0a57a1e5a78a70a0b1fac63d7293e45513d25923ab1ef2711f11084b0,dcd2d58b2d191dfb7dc0028d5d87c6e6a5195749c35fc7386a32bf65d1c91a46
pp-posterior-utility-hit1,loto6,decision,next-81,4,2,0.008016321636196646,0.006783215005125913,0.001015902995653971,0.023627905099920687,16,5e59f6d0a57a1e5a78a70a0b1fac63d7293e45513d25923ab1ef2711f11084b0,dcd2d58b2d191dfb7dc0028d5d87c6e6a5195749c35fc7386a32bf65d1c91a46
pp-posterior-utility-hit1,loto6,decision,next-81,4,3,0.004745612235214076,0.004634446300889381,0.00015679178759578412,0.014448888371850077,16,5e59f6d0a57a1e5a78a70a0b1fac63d7293e45513d25923ab1ef2711f11084b0,dcd2d58b2d191dfb7dc0028d5d87c6e6a5195749c35fc7386a32bf65d1c91a46
pp-posterior-utility-hit1,loto6,decision,next-81,4,4,0.005633333261753694,0.004582899204490311,0.0009756868826552188,0.0159894099354213,16,5e59f6d0a57a1e5a78a70a0b1fac63d7293e45513d25923ab1ef2711f11084b0,dcd2d58b2d191dfb7dc0028d5d87c6e6a5195749c35fc7386a32bf65d1c91a46
pp-posterior-utility-hit1,loto6,decision,next-81,4,5,0.011196672653932344,0.007134311382090089,0.00114808275663627,0.023374599261878886,16,5e59f6d0a57a1e5a78a70a0b1fac63d7293e45513d25923ab1ef2711f11084b0,dcd2d58b2d191dfb7dc0028d5d87c6e6a5195749c35fc7386a32bf65d1c91a46
pp-posterior-utility-hit1,loto6,decision,next-81,4,6,0.006509942606038032,0.00783823493462759,0.00011564557078790903,0.022403162361055648,16,5e59f6d0a57a1e5a78a70a0b1fac63d7293e45513d25923ab1ef2711f11084b0,dcd2d58b2d191dfb7dc0028d5d87c6e6a5195749c35fc7386a32bf65d1c91a46
pp-posterior-utility-hit1,loto6,decision,next-81,4,7,0.011787499289175838,0.006544838920868883,0.0020511385975360767,0.02431086954107104,16,5e59f6d0a57a1e5a78a70a0b1fac63d7293e45513d25923ab1ef2711f11084b0,dcd2d58b2d191dfb7dc0028d5d87c6e6a5195749c35fc7386a32bf65d1c91a46
pp-posterior-utility-hit1,loto6,decision,next-81,4,8,0.010023712905430873,0.007604653458199177,0.001999359119348112,0.02506293537106452,16,5e59f6d0a57a1e5a78a70a0b1fac63d7293e45513d25923ab1ef2711f11084b0,dcd2d58b2d191dfb7dc0028d5d87c6e6a5195749c35fc7386a32bf65d1c91a46
pp-posterior-utility-hit1,loto6,decision,next-81,4,9,0.023737479546105552,0.015581820087510172,0.005727563298939279,0.05384398374895011,16,5e59f6d0a57a1e5a78a70a0b1fac63d7293e45513d25923ab1ef2711f11084b0,dcd2d58b2d191dfb7dc0028d5d87c6e6a5195749c35fc7386a32bf65d1c91a46
pp-posterior-utility-hit1,loto6,decision,next-81,4,10,0.008357684221711445,0.005307636269526556,0.00180190280313461,0.017842108324102338,16,5e59f6d0a57a1e5a78a70a0b1fac63d7293e45513d25923ab1ef2711f11084b0,dcd2d58b2d191dfb7dc0028d5d87c6e6a5195749c35fc7386a32bf65d1c91a46
pp-posterior-utility-hit1,loto6,decision,next-81,4,11,0.01028978935223569,0.009805864890727415,7.061307941441325e-05,0.027953236480204223,16,5e59f6d0a57a1e5a78a70a0b1fac63d7293e45513d25923ab1ef2711f11084b0,dcd2d58b2d191dfb7dc0028d5d87c6e6a5195749c35fc7386a32bf65d1c91a46
pp-posterior-utility-hit1,loto6,decision,next-81,4,12,0.025419021235789364,0.009465800745777872,0.014011870121104848,0.04254286160180194,16,5e59f6d0a57a1e5a78a70a0b1fac63d7293e45513d25923ab1ef2711f11084b0,dcd2d58b2d191dfb7dc0028d5d87c6e6a5195749c35fc7386a32bf65d1c91a46
pp-posterior-utility-hit1,loto6,decision,next-81,4,13,0.008669067554444163,0.008734479894271802,0.0013077471296279895,0.028124263993855945,16,5e59f6d0a57a1e5a78a70a0b1fac63d7293e45513d25923ab1ef2711f11084b0,dcd2d58b2d191dfb7dc0028d5d87c6e6a5195749c35fc7386a32bf65d1c91a46
pp-posterior-utility-hit1,loto6,decision,next-81,4,14,0.028759034083643182,0.01348875921934034,0.010767982880624683,0.05411418983651062,16,5e59f6d0a57a1e5a78a70a0b1fac63d7293e45513d25923ab1ef2711f11084b0,dcd2d58b2d191dfb7dc0028d5d87c6e6a5195749c35fc7386a32bf65d1c91a46
pp-posterior-utility-hit1,loto6,decision,next-81,4,15,0.01665341656927391,0.007540211656742787,0.003512975909411002,0.028869157462209055,16,5e59f6d0a57a1e5a78a70a0b1fac63d7293e45513d25923ab1ef2711f11084b0,dcd2d58b2d191dfb7dc0028d5d87c6e6a5195749c35fc7386a32bf65d1c91a46
pp-posterior-utility-hit1,loto6,decision,next-81,4,16,0.029522038779238605,0.01554859450734813,0.007689984392004011,0.058271081118297784,16,5e59f6d0a57a1e5a78a70a0b1fac63d7293e45513d25923ab1ef2711f11084b0,dcd2d58b2d191dfb7dc0028d5d87c6e6a5195749c35fc7386a32bf65d1c91a46
pp-posterior-utility-hit1,loto6,decision,next-81,4,17,0.035344960524388125,0.011962601545226947,0.018587610247060345,0.052574277298274644,16,5e59f6d0a57a1e5a78a70a0b1fac63d7293e45513d25923ab1ef2711f11084b0,dcd2d58b2d191dfb7dc0028d5d87c6e6a5195749c35fc7386a32bf65d1c91a46
pp-posterior-utility-hit1,loto6,decision,next-81,4,18,0.015267211051643283,0.012294913894881992,0.002103892847551721,0.03820720452166875,16,5e59f6d0a57a1e5a78a70a0b1fac63d7293e45513d25923ab1ef2711f11084b0,dcd2d58b2d191dfb7dc0028d5d87c6e6a5195749c35fc7386a32bf65d1c91a46
pp-posterior-utility-hit1,loto6,decision,next-81,4,19,0.030068920553143492,0.012495823872822779,0.01321440245574991,0.055955417254055506,16,5e59f6d0a57a1e5a78a70a0b1fac63d7293e45513d25923ab1ef2711f11084b0,dcd2d58b2d191dfb7dc0028d5d87c6e6a5195749c35fc7386a32bf65d1c91a46
pp-posterior-utility-hit1,loto6,decision,next-81,4,20,0.03332189718773239,0.015007883507626493,0.011054214730209974,0.05822500895227309,16,5e59f6d0a57a1e5a78a70a0b1fac63d7293e45513d25923ab1ef2711f11084b0,dcd2d58b2d191dfb7dc0028d5d87c6e6a5195749c35fc7386a32bf65d1c91a46
pp-posterior-utility-hit1,loto6,decision,next-81,4,21,0.015568834777969456,0.011485411552157062,0.0029071714965053794,0.04153103335898631,16,5e59f6d0a57a1e5a78a70a0b1fac63d7293e45513d25923ab1ef2711f11084b0,dcd2d58b2d191dfb7dc0028d5d87c6e6a5195749c35fc7386a32bf65d1c91a46
pp-posterior-utility-hit1,loto6,decision,next-81,4,22,0.04179197712866307,0.013874970748003543,0.023646073357459683,0.06474334388966323,16,5e59f6d0a57a1e5a78a70a0b1fac63d7293e45513d25923ab1ef2711f11084b0,dcd2d58b2d191dfb7dc0028d5d87c6e6a5195749c35fc7386a32bf65d1c91a46
pp-posterior-utility-hit1,loto6,decision,next-81,4,23,0.058571425749118056,0.023027251066060263,0.026602982535427932,0.10185436450409578,16,5e59f6d0a57a1e5a78a70a0b1fac63d7293e45513d25923ab1ef2711f11084b0,dcd2d58b2d191dfb7dc0028d5d87c6e6a5195749c35fc7386a32bf65d1c91a46
pp-posterior-utility-hit1,loto6,decision,next-81,4,24,0.0541716304520936,0.029580086727643007,0.02320435237155803,0.12430145954990171,16,5e59f6d0a57a1e5a78a70a0b1fac63d7293e45513d25923ab1ef2711f11084b0,dcd2d58b2d191dfb7dc0028d5d87c6e6a5195749c35fc7386a32bf65d1c91a46
pp-posterior-utility-hit1,loto6,decision,next-81,4,25,0.022688259935371862,0.01204296671736005,0.007495022874543208,0.04641704061320544,16,5e59f6d0a57a1e5a78a70a0b1fac63d7293e45513d25923ab1ef2711f11084b0,dcd2d58b2d191dfb7dc0028d5d87c6e6a5195749c35fc7386a32bf65d1c91a46
pp-posterior-utility-hit1,loto6,decision,next-81,4,26,0.07147362030418473,0.025420602055457868,0.03196577082581968,0.1241283851693378,16,5e59f6d0a57a1e5a78a70a0b1fac63d7293e45513d25923ab1ef2711f11084b0,dcd2d58b2d191dfb7dc0028d5d87c6e6a5195749c35fc7386a32bf65d1c91a46
pp-posterior-utility-hit1,loto6,decision,next-81,4,27,0.03469347781920137,0.02273116979825747,0.013278550808701706,0.08597525305303717,16,5e59f6d0a57a1e5a78a70a0b1fac63d7293e45513d25923ab1ef2711f11084b0,dcd2d58b2d191dfb7dc0028d5d87c6e6a5195749c35fc7386a32bf65d1c91a46
pp-posterior-utility-hit1,loto6,decision,next-81,4,28,0.03587332293365985,0.010288207843135316,0.022155508202378604,0.056536718629872404,16,5e59f6d0a57a1e5a78a70a0b1fac63d7293e45513d25923ab1ef2711f11084b0,dcd2d58b2d191dfb7dc0028d5d87c6e6a5195749c35fc7386a32bf65d1c91a46
pp-posterior-utility-hit1,loto6,decision,next-81,4,29,0.00844833624068152,0.00509302177386582,0.002850064625621003,0.018635309309895855,16,5e59f6d0a57a1e5a78a70a0b1fac63d7293e45513d25923ab1ef2711f11084b0,dcd2d58b2d191dfb7dc0028d5d87c6e6a5195749c35fc7386a32bf65d1c91a46
pp-posterior-utility-hit1,loto6,decision,next-81,4,30,0.023970682333271813,0.012241210947176253,0.01276579293455965,0.05315833871363676,16,5e59f6d0a57a1e5a78a70a0b1fac63d7293e45513d25923ab1ef2711f11084b0,dcd2d58b2d191dfb7dc0028d5d87c6e6a5195749c35fc7386a32bf65d1c91a46
pp-posterior-utility-hit1,loto6,decision,next-81,4,31,0.047629514799321745,0.02283446194493963,0.017226162452874824,0.08982887380485291,16,5e59f6d0a57a1e5a78a70a0b1fac63d7293e45513d25923ab1ef2711f11084b0,dcd2d58b2d191dfb7dc0028d5d87c6e6a5195749c35fc7386a32bf65d1c91a46
pp-posterior-utility-hit1,loto6,decision,next-81,4,32,0.025983382870344896,0.011797613473471923,0.006104948812105899,0.04755498386933766,16,5e59f6d0a57a1e5a78a70a0b1fac63d7293e45513d25923ab1ef2711f11084b0,dcd2d58b2d191dfb7dc0028d5d87c6e6a5195749c35fc7386a32bf65d1c91a46
pp-posterior-utility-hit1,loto6,decision,next-81,4,33,0.046490579851739336,0.018043082721127646,0.023817936442089526,0.07981803472919036,16,5e59f6d0a57a1e5a78a70a0b1fac63d7293e45513d25923ab1ef2711f11084b0,dcd2d58b2d191dfb7dc0028d5d87c6e6a5195749c35fc7386a32bf65d1c91a46
pp-posterior-utility-hit1,loto6,decision,next-81,4,34,0.017483639456802456,0.010922477269071614,0.005294869852398326,0.037948277094845925,16,5e59f6d0a57a1e5a78a70a0b1fac63d7293e45513d25923ab1ef2711f11084b0,dcd2d58b2d191dfb7dc0028d5d87c6e6a5195749c35fc7386a32bf65d1c91a46
pp-posterior-utility-hit1,loto6,decision,next-81,4,35,0.03602331224596558,0.019308275552260393,0.01665316179396717,0.08006892239019489,16,5e59f6d0a57a1e5a78a70a0b1fac63d7293e45513d25923ab1ef2711f11084b0,dcd2d58b2d191dfb7dc0028d5d87c6e6a5195749c35fc7386a32bf65d1c91a46
pp-posterior-utility-hit1,loto6,decision,next-81,4,36,0.01692087469859144,0.011171741925226283,0.002604260100721937,0.03583918317911233,16,5e59f6d0a57a1e5a78a70a0b1fac63d7293e45513d25923ab1ef2711f11084b0,dcd2d58b2d191dfb7dc0028d5d87c6e6a5195749c35fc7386a32bf65d1c91a46
pp-posterior-utility-hit1,loto6,decision,next-81,4,37,0.03217073606891911,0.013701555060945548,0.009832757360412515,0.052059111697328506,16,5e59f6d0a57a1e5a78a70a0b1fac63d7293e45513d25923ab1ef2711f11084b0,dcd2d58b2d191dfb7dc0028d5d87c6e6a5195749c35fc7386a32bf65d1c91a46
pp-posterior-utility-hit1,loto6,decision,next-81,4,38,0.006477932499567758,0.004741781021652115,0.0013323411883655165,0.015253270755777407,16,5e59f6d0a57a1e5a78a70a0b1fac63d7293e45513d25923ab1ef2711f11084b0,dcd2d58b2d191dfb7dc0028d5d87c6e6a5195749c35fc7386a32bf65d1c91a46
pp-posterior-utility-hit1,loto6,decision,next-81,4,39,0.011614142819569557,0.008626340691811134,0.002341625651488639,0.028310164306223753,16,5e59f6d0a57a1e5a78a70a0b1fac63d7293e45513d25923ab1ef2711f11084b0,dcd2d58b2d191dfb7dc0028d5d87c6e6a5195749c35fc7386a32bf65d1c91a46
pp-posterior-utility-hit1,loto6,decision,next-81,4,40,0.03313435964132099,0.013661884544181184,0.011908719049504995,0.05632313369295739,16,5e59f6d0a57a1e5a78a70a0b1fac63d7293e45513d25923ab1ef2711f11084b0,dcd2d58b2d191dfb7dc0028d5d87c6e6a5195749c35fc7386a32bf65d1c91a46
pp-posterior-utility-hit1,loto6,decision,next-81,4,41,0.007782605930805437,0.006083355125016074,0.0012447584389866893,0.020810176388711788,16,5e59f6d0a57a1e5a78a70a0b1fac63d7293e45513d25923ab1ef2711f11084b0,dcd2d58b2d191dfb7dc0028d5d87c6e6a5195749c35fc7386a32bf65d1c91a46
pp-posterior-utility-hit1,loto6,decision,next-81,4,42,0.00802692856670699,0.010470968704086057,0.0017814826396663833,0.03327647853326466,16,5e59f6d0a57a1e5a78a70a0b1fac63d7293e45513d25923ab1ef2711f11084b0,dcd2d58b2d191dfb7dc0028d5d87c6e6a5195749c35fc7386a32bf65d1c91a46
pp-posterior-utility-hit1,loto6,decision,next-81,4,43,0.008864089100525515,0.007800028903986008,0.000222947572178701,0.02399595820661025,16,5e59f6d0a57a1e5a78a70a0b1fac63d7293e45513d25923ab1ef2711f11084b0,dcd2d58b2d191dfb7dc0028d5d87c6e6a5195749c35fc7386a32bf65d1c91a46
pp-posterior-utility-hit1,loto6,decision,next-81,5,1,0.007141956023052455,0.008224365188164223,0.0004020608216494323,0.02597970826498406,16,5e59f6d0a57a1e5a78a70a0b1fac63d7293e45513d25923ab1ef2711f11084b0,dcd2d58b2d191dfb7dc0028d5d87c6e6a5195749c35fc7386a32bf65d1c91a46
pp-posterior-utility-hit1,loto6,decision,next-81,5,2,0.00637195885531367,0.004926934198809612,0.00045042581179514793,0.014282063273502473,16,5e59f6d0a57a1e5a78a70a0b1fac63d7293e45513d25923ab1ef2711f11084b0,dcd2d58b2d191dfb7dc0028d5d87c6e6a5195749c35fc7386a32bf65d1c91a46
pp-posterior-utility-hit1,loto6,decision,next-81,5,3,0.006898514536970065,0.006695487773466364,0.0005874016804166962,0.02066042131878947,16,5e59f6d0a57a1e5a78a70a0b1fac63d7293e45513d25923ab1ef2711f11084b0,dcd2d58b2d191dfb7dc0028d5d87c6e6a5195749c35fc7386a32bf65d1c91a46
pp-posterior-utility-hit1,loto6,decision,next-81,5,4,0.011916796962774671,0.010809363581151022,0.0007921250072954857,0.033259499029202264,16,5e59f6d0a57a1e5a78a70a0b1fac63d7293e45513d25923ab1ef2711f11084b0,dcd2d58b2d191dfb7dc0028d5d87c6e6a5195749c35fc7386a32bf65d1c91a46
pp-posterior-utility-hit1,loto6,decision,next-81,5,5,0.01215653820537502,0.011206956513847552,0.0005714988341806601,0.03618149297808279,16,5e59f6d0a57a1e5a78a70a0b1fac63d7293e45513d25923ab1ef2711f11084b0,dcd2d58b2d191dfb7dc0028d5d87c6e6a5195749c35fc7386a32bf65d1c91a46
pp-posterior-utility-hit1,loto6,decision,next-81,5,6,0.007502397532356311,0.006095984226581129,0.0010725847933463436,0.019316909275209074,16,5e59f6d0a57a1e5a78a70a0b1fac63d7293e45513d25923ab1ef2711f11084b0,dcd2d58b2d191dfb7dc0028d5d87c6e6a5195749c35fc7386a32bf65d1c91a46
pp-posterior-utility-hit1,loto6,decision,next-81,5,7,0.010557186603625424,0.012105662530285357,0.00038023041963920117,0.037943905913814434,16,5e59f6d0a57a1e5a78a70a0b1fac63d7293e45513d25923ab1ef2711f11084b0,dcd2d58b2d191dfb7dc0028d5d87c6e6a5195749c35fc7386a32bf65d1c91a46
pp-posterior-utility-hit1,loto6,decision,next-81,5,8,0.007911549964495957,0.009431056025714387,0.0003259663053249578,0.029571638184822363,16,5e59f6d0a57a1e5a78a70a0b1fac63d7293e45513d25923ab1ef2711f11084b0,dcd2d58b2d191dfb7dc0028d5d87c6e6a5195749c35fc7386a32bf65d1c91a46
pp-posterior-utility-hit1,loto6,decision,next-81,5,9,0.010159529027270794,0.009119494568801357,0.000302666364785951,0.027395707598772606,16,5e59f6d0a57a1e5a78a70a0b1fac63d7293e45513d25923ab1ef2711f11084b0,dcd2d58b2d191dfb7dc0028d5d87c6e6a5195749c35fc7386a32bf65d1c91a46
pp-posterior-utility-hit1,loto6,decision,next-81,5,10,0.007407919915598947,0.008069131930456079,0.0009462661053558574,0.026587335846636227,16,5e59f6d0a57a1e5a78a70a0b1fac63d7293e45513d25923ab1ef2711f11084b0,dcd2d58b2d191dfb7dc0028d5d87c6e6a5195749c35fc7386a32bf65d1c91a46
pp-posterior-utility-hit1,loto6,decision,next-81,5,11,0.015465307644866573,0.008348479719979766,0.006517463491160147,0.03005111944904062,16,5e59f6d0a57a1e5a78a70a0b1fac63d7293e45513d25923ab1ef2711f11084b0,dcd2d58b2d191dfb7dc0028d5d87c6e6a5195749c35fc7386a32bf65d1c91a46
pp-posterior-utility-hit1,loto6,decision,next-81,5,12,0.010479465578005616,0.007864912663233168,0.0009237406951990868,0.02354174350913076,16,5e59f6d0a57a1e5a78a70a0b1fac63d7293e45513d25923ab1ef2711f11084b0,dcd2d58b2d191dfb7dc0028d5d87c6e6a5195749c35fc7386a32bf65d1c91a46
pp-posterior-utility-hit1,loto6,decision,next-81,5,13,0.015092726739336513,0.015042290707746027,0.0027694138242977846,0.04998858113821618,16,5e59f6d0a57a1e5a78a70a0b1fac63d7293e45513d25923ab1ef2711f11084b0,dcd2d58b2d191dfb7dc0028d5d87c6e6a5195749c35fc7386a32bf65d1c91a46
pp-posterior-utility-hit1,loto6,decision,next-81,5,14,0.005614502386083977,0.0048775624424501835,0.00012619309506270034,0.014426970896308573,16,5e59f6d0a57a1e5a78a70a0b1fac63d7293e45513d25923ab1ef2711f11084b0,dcd2d58b2d191dfb7dc0028d5d87c6e6a5195749c35fc7386a32bf65d1c91a46
pp-posterior-utility-hit1,loto6,decision,next-81,5,15,0.011002643948918546,0.010076240983932113,0.0007113582820002435,0.03056134527829714,16,5e59f6d0a57a1e5a78a70a0b1fac63d7293e45513d25923ab1ef2711f11084b0,dcd2d58b2d191dfb7dc0028d5d87c6e6a5195749c35fc7386a32bf65d1c91a46
pp-posterior-utility-hit1,loto6,decision,next-81,5,16,0.008215623004184476,0.006859637630400563,0.0010649574684111537,0.022753055745087725,16,5e59f6d0a57a1e5a78a70a0b1fac63d7293e45513d25923ab1ef2711f11084b0,dcd2d58b2d191dfb7dc0028d5d87c6e6a5195749c35fc7386a32bf65d1c91a46
pp-posterior-utility-hit1,loto6,decision,next-81,5,17,0.023051086069597798,0.015177865506448767,0.006085883898869654,0.05470428604362878,16,5e59f6d0a57a1e5a78a70a0b1fac63d7293e45513d25923ab1ef2711f11084b0,dcd2d58b2d191dfb7dc0028d5d87c6e6a5195749c35fc7386a32bf65d1c91a46
pp-posterior-utility-hit1,loto6,decision,next-81,5,18,0.016288332359641684,0.008645074908173175,0.005929612663131823,0.03101614628287047,16,5e59f6d0a57a1e5a78a70a0b1fac63d7293e45513d25923ab1ef2711f11084b0,dcd2d58b2d191dfb7dc0028d5d87c6e6a5195749c35fc7386a32bf65d1c91a46
pp-posterior-utility-hit1,loto6,decision,next-81,5,19,0.01866913842881604,0.014731861145387163,0.002239627568548168,0.049615479222164846,16,5e59f6d0a57a1e5a78a70a0b1fac63d7293e45513d25923ab1ef2711f11084b0,dcd2d58b2d191dfb7dc0028d5d87c6e6a5195749c35fc7386a32bf65d1c91a46
pp-posterior-utility-hit1,loto6,decision,next-81,5,20,0.019451859701703843,0.01126787312850845,0.005063570914471674,0.04076757287970572,16,5e59f6d0a57a1e5a78a70a0b1fac63d7293e45513d25923ab1ef2711f11084b0,dcd2d58b2d191dfb7dc0028d5d87c6e6a5195749c35fc7386a32bf65d1c91a46
pp-posterior-utility-hit1,loto6,decision,next-81,5,21,0.02499465494699046,0.019887712252832233,0.007351696758112359,0.07059904537514919,16,5e59f6d0a57a1e5a78a70a0b1fac63d7293e45513d25923ab1ef2711f11084b0,dcd2d58b2d191dfb7dc0028d5d87c6e6a5195749c35fc7386a32bf65d1c91a46
pp-posterior-utility-hit1,loto6,decision,next-81,5,22,0.0066361614203406735,0.007207163550587312,0.0007359172882248256,0.020143248281045013,16,5e59f6d0a57a1e5a78a70a0b1fac63d7293e45513d25923ab1ef2711f11084b0,dcd2d58b2d191dfb7dc0028d5d87c6e6a5195749c35fc7386a32bf65d1c91a46
pp-posterior-utility-hit1,loto6,decision,next-81,5,23,0.024435535391796694,0.01319759290614097,0.008607386298207856,0.04927963739574536,16,5e59f6d0a57a1e5a78a70a0b1fac63d7293e45513d25923ab1ef2711f11084b0,dcd2d58b2d191dfb7dc0028d5d87c6e6a5195749c35fc7386a32bf65d1c91a46
pp-posterior-utility-hit1,loto6,decision,next-81,5,24,0.03799962287185301,0.017006479248583402,0.01971359253511977,0.07078440707345408,16,5e59f6d0a57a1e5a78a70a0b1fac63d7293e45513d25923ab1ef2711f11084b0,dcd2d58b2d191dfb7dc0028d5d87c6e6a5195749c35fc7386a32bf65d1c91a46
pp-posterior-utility-hit1,loto6,decision,next-81,5,25,0.04143547165416175,0.032947309848684964,0.014474166105684801,0.11984366646193681,16,5e59f6d0a57a1e5a78a70a0b1fac63d7293e45513d25923ab1ef2711f11084b0,dcd2d58b2d191dfb7dc0028d5d87c6e6a5195749c35fc7386a32bf65d1c91a46
pp-posterior-utility-hit1,loto6,decision,next-81,5,26,0.014716144078249855,0.009332500907563183,0.0042925625316633425,0.030718831110000483,16,5e59f6d0a57a1e5a78a70a0b1fac63d7293e45513d25923ab1ef2711f11084b0,dcd2d58b2d191dfb7dc0028d5d87c6e6a5195749c35fc7386a32bf65d1c91a46
pp-posterior-utility-hit1,loto6,decision,next-81,5,27,0.02043064353796609,0.011794158637476716,0.002733387318626582,0.043362383695841444,16,5e59f6d0a57a1e5a78a70a0b1fac63d7293e45513d25923ab1ef2711f11084b0,dcd2d58b2d191dfb7dc0028d5d87c6e6a5195749c35fc7386a32bf65d1c91a46
pp-posterior-utility-hit1,loto6,decision,next-81,5,28,0.027065623115303535,0.018396137294618004,0.00320910187462192,0.056607536769663666,16,5e59f6d0a57a1e5a78a70a0b1fac63d7293e45513d25923ab1ef2711f11084b0,dcd2d58b2d191dfb7dc0028d5d87c6e6a5195749c35fc7386a32bf65d1c91a46
pp-posterior-utility-hit1,loto6,decision,next-81,5,29,0.013605087475798925,0.008156116409396997,0.0020334103229295197,0.02690594096685777,16,5e59f6d0a57a1e5a78a70a0b1fac63d7293e45513d25923ab1ef2711f11084b0,dcd2d58b2d191dfb7dc0028d5d87c6e6a5195749c35fc7386a32bf65d1c91a46
pp-posterior-utility-hit1,loto6,decision,next-81,5,30,0.03783091544258823,0.014799463002049144,0.01818951281436696,0.06299518839612592,16,5e59f6d0a57a1e5a78a70a0b1fac63d7293e45513d25923ab1ef2711f11084b0,dcd2d58b2d191dfb7dc0028d5d87c6e6a5195749c35fc7386a32bf65d1c91a46
pp-posterior-utility-hit1,loto6,decision,next-81,5,31,0.053826993945208484,0.013994445403214605,0.037855256625758,0.08470560472379922,16,5e59f6d0a57a1e5a78a70a0b1fac63d7293e45513d25923ab1ef2711f11084b0,dcd2d58b2d191dfb7dc0028d5d87c6e6a5195749c35fc7386a32bf65d1c91a46
pp-posterior-utility-hit1,loto6,decision,next-81,5,32,0.052019001519663564,0.019269832197196083,0.02289568810082625,0.0830798181938686,16,5e59f6d0a57a1e5a78a70a0b1fac63d7293e45513d25923ab1ef2711f11084b0,dcd2d58b2d191dfb7dc0028d5d87c6e6a5195749c35fc7386a32bf65d1c91a46
pp-posterior-utility-hit1,loto6,decision,next-81,5,33,0.03412698084418545,0.016348320638407736,0.013045302352078202,0.0664500082826069,16,5e59f6d0a57a1e5a78a70a0b1fac63d7293e45513d25923ab1ef2711f11084b0,dcd2d58b2d191dfb7dc0028d5d87c6e6a5195749c35fc7386a32bf65d1c91a46
pp-posterior-utility-hit1,loto6,decision,next-81,5,34,0.04224733100141425,0.014275174072784693,0.0198892535158093,0.06663501156555621,16,5e59f6d0a57a1e5a78a70a0b1fac63d7293e45513d25923ab1ef2711f11084b0,dcd2d58b2d191dfb7dc0028d5d87c6e6a5195749c35fc7386a32bf65d1c91a46
pp-posterior-utility-hit1,loto6,decision,next-81,5,35,0.048679224078415635,0.019959202627184914,0.017275021095537173,0.0821821752416944,16,5e59f6d0a57a1e5a78a70a0b1fac63d7293e45513d25923ab1ef2711f11084b0,dcd2d58b2d191dfb7dc0028d5d87c6e6a5195749c35fc7386a32bf65d1c91a46
pp-posterior-utility-hit1,loto6,decision,next-81,5,36,0.0382550721752514,0.013020942017874198,0.018600658840534818,0.05728189334572722,16,5e59f6d0a57a1e5a78a70a0b1fac63d7293e45513d25923ab1ef2711f11084b0,dcd2d58b2d191dfb7dc0028d5d87c6e6a5195749c35fc7386a32bf65d1c91a46
pp-posterior-utility-hit1,loto6,decision,next-81,5,37,0.04317234665743771,0.021782457556258936,0.010289663505182612,0.07451901986613563,16,5e59f6d0a57a1e5a78a70a0b1fac63d7293e45513d25923ab1ef2711f11084b0,dcd2d58b2d191dfb7dc0028d5d87c6e6a5195749c35fc7386a32bf65d1c91a46
pp-posterior-utility-hit1,loto6,decision,next-81,5,38,0.0593279209175264,0.023926851529329964,0.021707250261115123,0.0944975636191576,16,5e59f6d0a57a1e5a78a70a0b1fac63d7293e45513d25923ab1ef2711f11084b0,dcd2d58b2d191dfb7dc0028d5d87c6e6a5195749c35fc7386a32bf65d1c91a46
pp-posterior-utility-hit1,loto6,decision,next-81,5,39,0.03972648344690128,0.012843019556584234,0.02326080633417301,0.06672201432922252,16,5e59f6d0a57a1e5a78a70a0b1fac63d7293e45513d25923ab1ef2711f11084b0,dcd2d58b2d191dfb7dc0028d5d87c6e6a5195749c35fc7386a32bf65d1c91a46
pp-posterior-utility-hit1,loto6,decision,next-81,5,40,0.01988785368868525,0.013826970632627713,0.0024839870221392123,0.04547919372623283,16,5e59f6d0a57a1e5a78a70a0b1fac63d7293e45513d25923ab1ef2711f11084b0,dcd2d58b2d191dfb7dc0028d5d87c6e6a5195749c35fc7386a32bf65d1c91a46
pp-posterior-utility-hit1,loto6,decision,next-81,5,41,0.06688039330563127,0.023215950791701093,0.03252266023296291,0.11223300074763662,16,5e59f6d0a57a1e5a78a70a0b1fac63d7293e45513d25923ab1ef2711f11084b0,dcd2d58b2d191dfb7dc0028d5d87c6e6a5195749c35fc7386a32bf65d1c91a46
pp-posterior-utility-hit1,loto6,decision,next-81,5,42,0.009234581888974115,0.010644565154930287,0.0007981276879879314,0.034050306242920256,16,5e59f6d0a57a1e5a78a70a0b1fac63d7293e45513d25923ab1ef2711f11084b0,dcd2d58b2d191dfb7dc0028d5d87c6e6a5195749c35fc7386a32bf65d1c91a46
pp-posterior-utility-hit1,loto6,decision,next-81,5,43,0.01211092310766758,0.011901436796921662,0.001535834334171603,0.039911160280426364,16,5e59f6d0a57a1e5a78a70a0b1fac63d7293e45513d25923ab1ef2711f11084b0,dcd2d58b2d191dfb7dc0028d5d87c6e6a5195749c35fc7386a32bf65d1c91a46
pp-posterior-utility-hit1,loto6,decision,next-81,6,1,0.007598492651014709,0.005650955322361726,0.0010644786320593424,0.01832808388898686,16,5e59f6d0a57a1e5a78a70a0b1fac63d7293e45513d25923ab1ef2711f11084b0,dcd2d58b2d191dfb7dc0028d5d87c6e6a5195749c35fc7386a32bf65d1c91a46
pp-posterior-utility-hit1,loto6,decision,next-81,6,2,0.005314117610846202,0.003956287073707104,0.0008460747520539478,0.013119211217630943,16,5e59f6d0a57a1e5a78a70a0b1fac63d7293e45513d25923ab1ef2711f11084b0,dcd2d58b2d191dfb7dc0028d5d87c6e6a5195749c35fc7386a32bf65d1c91a46
pp-posterior-utility-hit1,loto6,decision,next-81,6,3,0.007932410867628288,0.00613640523633679,0.0005414773216951423,0.018471681180681702,16,5e59f6d0a57a1e5a78a70a0b1fac63d7293e45513d25923ab1ef2711f11084b0,dcd2d58b2d191dfb7dc0028d5d87c6e6a5195749c35fc7386a32bf65d1c91a46
pp-posterior-utility-hit1,loto6,decision,next-81,6,4,0.00998059705616334,0.013184013569738993,0.0003727472527570505,0.04107878949877197,16,5e59f6d0a57a1e5a78a70a0b1fac63d7293e45513d25923ab1ef2711f11084b0,dcd2d58b2d191dfb7dc0028d5d87c6e6a5195749c35fc7386a32bf65d1c91a46
pp-posterior-utility-hit1,loto6,decision,next-81,6,5,0.008155433639236865,0.006390024907202607,0.001347442307622172,0.01811717614602097,16,5e59f6d0a57a1e5a78a70a0b1fac63d7293e45513d25923ab1ef2711f11084b0,dcd2d58b2d191dfb7dc0028d5d87c6e6a5195749c35fc7386a32bf65d1c91a46
pp-posterior-utility-hit1,loto6,decision,next-81,6,6,0.005608034343407922,0.006239819196522727,0.0007056453960111756,0.0200267145884376,16,5e59f6d0a57a1e5a78a70a0b1fac63d7293e45513d25923ab1ef2711f11084b0,dcd2d58b2d191dfb7dc0028d5d87c6e6a5195749c35fc7386a32bf65d1c91a46
pp-posterior-utility-hit1,loto6,decision,next-81,6,7,0.0061698942748843666,0.006435574218106532,0.0006538845405988825,0.01984196728052107,16,5e59f6d0a57a1e5a78a70a0b1fac63d7293e45513d25923ab1ef2711f11084b0,dcd2d58b2d191dfb7dc0028d5d87c6e6a5195749c35fc7386a32bf65d1c91a46
pp-posterior-utility-hit1,loto6,decision,next-81,6,8,0.006744944088355222,0.007603317119272672,0.000208010736793716,0.022974303138042936,16,5e59f6d0a57a1e5a78a70a0b1fac63d7293e45513d25923ab1ef2711f11084b0,dcd2d58b2d191dfb7dc0028d5d87c6e6a5195749c35fc7386a32bf65d1c91a46
pp-posterior-utility-hit1,loto6,decision,next-81,6,9,0.005567229370821202,0.005033224338280034,0.0005237268223372171,0.014805658618767516,16,5e59f6d0a57a1e5a78a70a0b1fac63d7293e45513d25923ab1ef2711f11084b0,dcd2d58b2d191dfb7dc0028d5d87c6e6a5195749c35fc7386a32bf65d1c91a46
pp-posterior-utility-hit1,loto6,decision,next-81,6,10,0.007871406852182959,0.008751006379198624,0.0003434686657773705,0.02792187733746115,16,5e59f6d0a57a1e5a78a70a0b1fac63d7293e45513d25923ab1ef2711f11084b0,dcd2d58b2d191dfb7dc0028d5d87c6e6a5195749c35fc7386a32bf65d1c91a46
pp-posterior-utility-hit1,loto6,decision,next-81,6,11,0.006456004980846718,0.006162009622379777,0.0007451932019540231,0.01955872368561816,16,5e59f6d0a57a1e5a78a70a0b1fac63d7293e45513d25923ab1ef2711f11084b0,dcd2d58b2d191dfb7dc0028d5d87c6e6a5195749c35fc7386a32bf65d1c91a46
pp-posterior-utility-hit1,loto6,decision,next-81,6,12,0.007884614883860372,0.007368387116508072,0.0010122303373993973,0.024326323735981013,16,5e59f6d0a57a1e5a78a70a0b1fac63d7293e45513d25923ab1ef2711f11084b0,dcd2d58b2d191dfb7dc0028d5d87c6e6a5195749c35fc7386a32bf65d1c91a46
pp-posterior-utility-hit1,loto6,decision,next-81,6,13,0.008044280415734574,0.007761562494172756,0.001009273109956859,0.023331121418550607,16,5e59f6d0a57a1e5a78a70a0b1fac63d7293e45513d25923ab1ef2711f11084b0,dcd2d58b2d191dfb7dc0028d5d87c6e6a5195749c35fc7386a32bf65d1c91a46
pp-posterior-utility-hit1,loto6,decision,next-81,6,14,0.00853727111180554,0.006338420360400067,0.0020827231610637516,0.019463849117491067,16,5e59f6d0a57a1e5a78a70a0b1fac63d7293e45513d25923ab1ef2711f11084b0,dcd2d58b2d191dfb7dc0028d5d87c6e6a5195749c35fc7386a32bf65d1c91a46
pp-posterior-utility-hit1,loto6,decision,next-81,6,15,0.009367499628022295,0.01046175547961782,0.0006650772446003172,0.032693318049901686,16,5e59f6d0a57a1e5a78a70a0b1fac63d7293e45513d25923ab1ef2711f11084b0,dcd2d58b2d191dfb7dc0028d5d87c6e6a5195749c35fc7386a32bf65d1c91a46
pp-posterior-utility-hit1,loto6,decision,next-81,6,16,0.012919753723911851,0.009192486576919224,0.0006073393685843415,0.03160115214607771,16,5e59f6d0a57a1e5a78a70a0b1fac63d7293e45513d25923ab1ef2711f11084b0,dcd2d58b2d191dfb7dc0028d5d87c6e6a5195749c35fc7386a32bf65d1c91a46
pp-posterior-utility-hit1,loto6,decision,next-81,6,17,0.011499103297809642,0.010987454369167005,0.0001957255701713162,0.03205677022604224,16,5e59f6d0a57a1e5a78a70a0b1fac63d7293e45513d25923ab1ef2711f11084b0,dcd2d58b2d191dfb7dc0028d5d87c6e6a5195749c35fc7386a32bf65d1c91a46
pp-posterior-utility-hit1,loto6,decision,next-81,6,18,0.006660362899526258,0.006640374713114337,0.0003921052034406274,0.019960846573479258,16,5e59f6d0a57a1e5a78a70a0b1fac63d7293e45513d25923ab1ef2711f11084b0,dcd2d58b2d191dfb7dc0028d5d87c6e6a5195749c35fc7386a32bf65d1c91a46
pp-posterior-utility-hit1,loto6,decision,next-81,6,19,0.01468679912781743,0.010997976176905793,0.003209737071474263,0.037136942043095825,16,5e59f6d0a57a1e5a78a70a0b1fac63d7293e45513d25923ab1ef2711f11084b0,dcd2d58b2d191dfb7dc0028d5d87c6e6a5195749c35fc7386a32bf65d1c91a46
pp-posterior-utility-hit1,loto6,decision,next-81,6,20,0.007222683979335624,0.007703506312138436,0.0006477443114896664,0.024995473292964844,16,5e59f6d0a57a1e5a78a70a0b1fac63d7293e45513d25923ab1ef2711f11084b0,dcd2d58b2d191dfb7dc0028d5d87c6e6a5195749c35fc7386a32bf65d1c91a46
pp-posterior-utility-hit1,loto6,decision,next-81,6,21,0.011958952964578202,0.0075154106101010905,0.001133589137352913,0.023583743125059856,16,5e59f6d0a57a1e5a78a70a0b1fac63d7293e45513d25923ab1ef2711f11084b0,dcd2d58b2d191dfb7dc0028d5d87c6e6a5195749c35fc7386a32bf65d1c91a46
pp-posterior-utility-hit1,loto6,decision,next-81,6,22,0.011462348033336567,0.012182495547671722,0.0001457159261782399,0.03732385100443801,16,5e59f6d0a57a1e5a78a70a0b1fac63d7293e45513d25923ab1ef2711f11084b0,dcd2d58b2d191dfb7dc0028d5d87c6e6a5195749c35fc7386a32bf65d1c91a46
pp-posterior-utility-hit1,loto6,decision,next-81,6,23,0.005405502188032687,0.003846621903369612,0.00036450041497108204,0.012712469758625423,16,5e59f6d0a57a1e5a78a70a0b1fac63d7293e45513d25923ab1ef2711f11084b0,dcd2d58b2d191dfb7dc0028d5d87c6e6a5195749c35fc7386a32bf65d1c91a46
pp-posterior-utility-hit1,loto6,decision,next-81,6,24,0.009019972673999201,0.008691887654839706,0.0003825550179742496,0.02598992001237387,16,5e59f6d0a57a1e5a78a70a0b1fac63d7293e45513d25923ab1ef2711f11084b0,dcd2d58b2d191dfb7dc0028d5d87c6e6a5195749c35fc7386a32bf65d1c91a46
pp-posterior-utility-hit1,loto6,decision,next-81,6,25,0.012715037847326001,0.010304178107630298,0.0008807492204053813,0.032898871545848786,16,5e59f6d0a57a1e5a78a70a0b1fac63d7293e45513d25923ab1ef2711f11084b0,dcd2d58b2d191dfb7dc0028d5d87c6e6a5195749c35fc7386a32bf65d1c91a46
pp-posterior-utility-hit1,loto6,decision,next-81,6,26,0.008239719322513871,0.007592833233548066,0.0006234181362833979,0.024789080154088174,16,5e59f6d0a57a1e5a78a70a0b1fac63d7293e45513d25923ab1ef2711f11084b0,dcd2d58b2d191dfb7dc0028d5d87c6e6a5195749c35fc7386a32bf65d1c91a46
pp-posterior-utility-hit1,loto6,decision,next-81,6,27,0.02312615606368171,0.012527925311378325,0.0067943927417922125,0.04375550795549341,16,5e59f6d0a57a1e5a78a70a0b1fac63d7293e45513d25923ab1ef2711f11084b0,dcd2d58b2d191dfb7dc0028d5d87c6e6a5195749c35fc7386a32bf65d1c91a46
pp-posterior-utility-hit1,loto6,decision,next-81,6,28,0.027398646603006078,0.014892850656089557,0.01003043399074834,0.05417292002939682,16,5e59f6d0a57a1e5a78a70a0b1fac63d7293e45513d25923ab1ef2711f11084b0,dcd2d58b2d191dfb7dc0028d5d87c6e6a5195749c35fc7386a32bf65d1c91a46
pp-posterior-utility-hit1,loto6,decision,next-81,6,29,0.025156089388772576,0.017755424077698524,0.009382219358233466,0.0647956069934627,16,5e59f6d0a57a1e5a78a70a0b1fac63d7293e45513d25923ab1ef2711f11084b0,dcd2d58b2d191dfb7dc0028d5d87c6e6a5195749c35fc7386a32bf65d1c91a46
pp-posterior-utility-hit1,loto6,decision,next-81,6,30,0.024626361908322295,0.014602287962896008,0.004718315119969709,0.05300500961966039,16,5e59f6d0a57a1e5a78a70a0b1fac63d7293e45513d25923ab1ef2711f11084b0,dcd2d58b2d191dfb7dc0028d5d87c6e6a5195749c35fc7386a32bf65d1c91a46
pp-posterior-utility-hit1,loto6,decision,next-81,6,31,0.0283713168849973,0.010305388399162384,0.0100388429149255,0.043074766482266644,16,5e59f6d0a57a1e5a78a70a0b1fac63d7293e45513d25923ab1ef2711f11084b0,dcd2d58b2d191dfb7dc0028d5d87c6e6a5195749c35fc7386a32bf65d1c91a46
pp-posterior-utility-hit1,loto6,decision,next-81,6,32,0.014440739685762755,0.008511484401066206,0.0015767438714820654,0.0287903395201459,16,5e59f6d0a57a1e5a78a70a0b1fac63d7293e45513d25923ab1ef2711f11084b0,dcd2d58b2d191dfb7dc0028d5d87c6e6a5195749c35fc7386a32bf65d1c91a46
pp-posterior-utility-hit1,loto6,decision,next-81,6,33,0.023635639455628795,0.010971379343609753,0.007254781721537132,0.03886189525112583,16,5e59f6d0a57a1e5a78a70a0b1fac63d7293e45513d25923ab1ef2711f11084b0,dcd2d58b2d191dfb7dc0028d5d87c6e6a5195749c35fc7386a32bf65d1c91a46
pp-posterior-utility-hit1,loto6,decision,next-81,6,34,0.06028780033899965,0.01892405458111841,0.03275341676313641,0.0908222412407525,16,5e59f6d0a57a1e5a78a70a0b1fac63d7293e45513d25923ab1ef2711f11084b0,dcd2d58b2d191dfb7dc0028d5d87c6e6a5195749c35fc7386a32bf65d1c91a46
pp-posterior-utility-hit1,loto6,decision,next-81,6,35,0.02336523120745147,0.01827688443993099,0.006409626127407986,0.0661659379234862,16,5e59f6d0a57a1e5a78a70a0b1fac63d7293e45513d25923ab1ef2711f11084b0,dcd2d58b2d191dfb7dc0028d5d87c6e6a5195749c35fc7386a32bf65d1c91a46
pp-posterior-utility-hit1,loto6,decision,next-81,6,36,0.0152299927224682,0.011986963196813527,0.001464522220509779,0.038399732186137625,16,5e59f6d0a57a1e5a78a70a0b1fac63d7293e45513d25923ab1ef2711f11084b0,dcd2d58b2d191dfb7dc0028d5d87c6e6a5195749c35fc7386a32bf65d1c91a46
pp-posterior-utility-hit1,loto6,decision,next-81,6,37,0.036054484442580075,0.02153961596143325,0.010064785872704471,0.07630737499407396,16,5e59f6d0a57a1e5a78a70a0b1fac63d7293e45513d25923ab1ef2711f11084b0,dcd2d58b2d191dfb7dc0028d5d87c6e6a5195749c35fc7386a32bf65d1c91a46
pp-posterior-utility-hit1,loto6,decision,next-81,6,38,0.07500738428526244,0.014733479449245482,0.05454796156777711,0.09803221847778354,16,5e59f6d0a57a1e5a78a70a0b1fac63d7293e45513d25923ab1ef2711f11084b0,dcd2d58b2d191dfb7dc0028d5d87c6e6a5195749c35fc7386a32bf65d1c91a46
pp-posterior-utility-hit1,loto6,decision,next-81,6,39,0.041443125748583866,0.01400493210732789,0.01476056805783713,0.06040693604856784,16,5e59f6d0a57a1e5a78a70a0b1fac63d7293e45513d25923ab1ef2711f11084b0,dcd2d58b2d191dfb7dc0028d5d87c6e6a5195749c35fc7386a32bf65d1c91a46
pp-posterior-utility-hit1,loto6,decision,next-81,6,40,0.07747860653107688,0.02616835847008253,0.042260060504634996,0.12524740803607448,16,5e59f6d0a57a1e5a78a70a0b1fac63d7293e45513d25923ab1ef2711f11084b0,dcd2d58b2d191dfb7dc0028d5d87c6e6a5195749c35fc7386a32bf65d1c91a46
pp-posterior-utility-hit1,loto6,decision,next-81,6,41,0.04958713576908362,0.01853788852813916,0.02011941164245634,0.07680060153217921,16,5e59f6d0a57a1e5a78a70a0b1fac63d7293e45513d25923ab1ef2711f11084b0,dcd2d58b2d191dfb7dc0028d5d87c6e6a5195749c35fc7386a32bf65d1c91a46
pp-posterior-utility-hit1,loto6,decision,next-81,6,42,0.1262054161521535,0.025427208656086078,0.09558355047135655,0.1680853264573708,16,5e59f6d0a57a1e5a78a70a0b1fac63d7293e45513d25923ab1ef2711f11084b0,dcd2d58b2d191dfb7dc0028d5d87c6e6a5195749c35fc7386a32bf65d1c91a46
pp-posterior-utility-hit1,loto6,decision,next-81,6,43,0.10556340497917086,0.0267978230697117,0.06610062775884532,0.14877178476274422,16,5e59f6d0a57a1e5a78a70a0b1fac63d7293e45513d25923ab1ef2711f11084b0,dcd2d58b2d191dfb7dc0028d5d87c6e6a5195749c35fc7386a32bf65d1c91a46
