2026/08/01 18:17:44.152, 893940, /mnt/e/env/ts/loto_forecast_platform/environments/autogluon-timeseries/.venv/bin/python, 222
2026/08/01 18:17:44.271, 893940, /mnt/e/env/ts/loto_forecast_platform/environments/autogluon-timeseries/.venv/bin/python, 530
2026/08/01 18:17:44.393, 893940, /mnt/e/env/ts/loto_forecast_platform/environments/autogluon-timeseries/.venv/bin/python, 848
2026/08/01 18:17:44.515, 893940, /mnt/e/env/ts/loto_forecast_platform/environments/autogluon-timeseries/.venv/bin/python, 2840
2026/08/01 18:17:44.634, 893940, /mnt/e/env/ts/loto_forecast_platform/environments/autogluon-timeseries/.venv/bin/python, 2840
2026/08/01 18:17:44.749, 893940, /mnt/e/env/ts/loto_forecast_platform/environments/autogluon-timeseries/.venv/bin/python, 2840
2026/08/01 18:17:44.866, 893940, /mnt/e/env/ts/loto_forecast_platform/environments/autogluon-timeseries/.venv/bin/python, 2840
2026/08/01 18:17:44.983, 893940, /mnt/e/env/ts/loto_forecast_platform/environments/autogluon-timeseries/.venv/bin/python, 2840
2026/08/01 18:17:45.101, 893940, /mnt/e/env/ts/loto_forecast_platform/environments/autogluon-timeseries/.venv/bin/python, 2840
2026/08/01 18:17:45.218, 893940, /mnt/e/env/ts/loto_forecast_platform/environments/autogluon-timeseries/.venv/bin/python, 2840
2026/08/01 18:17:45.334, 893940, [No data], 2840
2026/08/01 18:17:45.455, 893940, [No data], 2840
