"stage","wall_seconds","free_memory_mb_before","free_memory_mb_after","system_cpu_pct_before","system_cpu_pct_after","disk_bytes_per_sec_before","disk_bytes_per_sec_after","success"
"uv_bootstrap_exact","2.723","107056.8","107029.7","12","5","76770094","1038688","True"
"uv_python_312_ready","1.843","106968.4","106852.7","14","20","4111471","3969452","True"
"uv_lock_check","1.151","106152","106192.9","3","2","6523422","136516868","True"
"windows_resolve_first","0.466","106174.1","106151.3","15","43","59389349","37056716","True"
"windows_resolve_second","0.339","106050.1","105899.3","30","6","342976145","130241003","True"
"windows_dependency_tree","0.161","105934.2","105898.5","16","23","235734291","148932870","True"
"python_compile_src","2.246","105850.2","106145.6","12","9","118954187","91438904","True"
"wheel_build","5.481","106159","106280.5","4","22","32171701","120010564","True"
"wheel_install_import_312","0.706","106287.9","106296.2","8","4","134479150","91965702","True"
