status,trial_id,model_id,family,game,target_mode,backend,protocol_hash,elapsed_seconds,error,hit_at_1,mae,mse,exact,all_positions_within_1,brier,log_loss
BLOCKED,pp-bart-categorical__numbers3__pymc_bart__pymc-nuts__s1,pp-bart-categorical,tree_bayesian,numbers3,digit_categorical,pymc_bart,,,,,,,,,,
BLOCKED,pp-bayesian-beta-calibration__numbers3__pymc__pymc-nuts__s1,pp-bayesian-beta-calibration,calibration,numbers3,calibration,pymc,,,,,,,,,,
BLOCKED,pp-bayesian-dirichlet-calibration__numbers3__pymc__pymc-nuts__s1,pp-bayesian-dirichlet-calibration,calibration,numbers3,calibration,pymc,,,,,,,,,,
BLOCKED,pp-bayesian-embedding-categorical__numbers3__pyro__pyro-svi-autonormal__s1,pp-bayesian-embedding-categorical,deep_probabilistic,numbers3,digit_categorical,pyro,,,,,,,,,,
BLOCKED,pp-bayesian-gam-categorical__numbers3__pymc__pymc-nuts__s1,pp-bayesian-gam-categorical,semi_parametric,numbers3,digit_categorical,pymc,,,,,,,,,,
BLOCKED,pp-bayesian-gru__numbers3__pyro__pyro-svi-autonormal__s1,pp-bayesian-gru,deep_probabilistic,numbers3,digit_categorical,pyro,,,,,,,,,,
BLOCKED,pp-bayesian-kernel-mixture__numbers3__pymc__pymc-smc__s1,pp-bayesian-kernel-mixture,nonparametric,numbers3,digit_ordinal,pymc,,,,,,,,,,
BLOCKED,pp-bayesian-lstm__numbers3__pyro__pyro-svi-autonormal__s1,pp-bayesian-lstm,deep_probabilistic,numbers3,digit_categorical,pyro,,,,,,,,,,
BLOCKED,pp-bayesian-mlp__numbers3__pyro__pyro-svi-autonormal__s1,pp-bayesian-mlp,deep_probabilistic,numbers3,digit_categorical,pyro,,,,,,,,,,
BLOCKED,pp-bayesian-model-averaging__numbers3__pymc__pymc-nuts__s1,pp-bayesian-model-averaging,ensemble,numbers3,ensemble,pymc,,,,,,,,,,
BLOCKED,pp-bayesian-neural-ordinal__numbers3__pyro__pyro-svi-autonormal__s1,pp-bayesian-neural-ordinal,deep_probabilistic,numbers3,digit_ordinal,pyro,,,,,,,,,,
BLOCKED,pp-bayesian-spline-categorical__numbers3__pymc__pymc-nuts__s1,pp-bayesian-spline-categorical,semi_parametric,numbers3,digit_categorical,pymc,,,,,,,,,,
BLOCKED,pp-bayesian-tcn__numbers3__pyro__pyro-svi-autonormal__s1,pp-bayesian-tcn,deep_probabilistic,numbers3,digit_categorical,pyro,,,,,,,,,,
BLOCKED,pp-bayesian-temperature-calibration__numbers3__pymc__pymc-nuts__s1,pp-bayesian-temperature-calibration,calibration,numbers3,calibration,pymc,,,,,,,,,,
BLOCKED,pp-bayesian-transformer__numbers3__pyro__pyro-svi-autonormal__s1,pp-bayesian-transformer,deep_probabilistic,numbers3,digit_categorical,pyro,,,,,,,,,,
BLOCKED,pp-beta-binomial-candidate__no-compatible-game,pp-beta-binomial-candidate,conjugate,,,builtin,,,,,,,,,,
BLOCKED,pp-beta-binomial-overdispersed__no-compatible-game,pp-beta-binomial-overdispersed,count,,,builtin,,,,,,,,,,
BLOCKED,pp-beta-binomial-position__no-compatible-game,pp-beta-binomial-position,conjugate,,,builtin,,,,,,,,,,
PASS,pp-bocpd-dirichlet-categorical__numbers3__builtin__analytic__s1,pp-bocpd-dirichlet-categorical,changepoint,numbers3,online_changepoint,builtin,617fb8a19d539f68197417cc1065398b4f057d2a6f51b4d885d7be1fdbe942dc,0.09423133199743461,,0.0,3.0,11.0,0.0,0.0,0.8882271853026172,2.138822561861122
BLOCKED,pp-conditional-bernoulli-fixed-k__no-compatible-game,pp-conditional-bernoulli-fixed-k,fixed_subset,,,builtin,,,,,,,,,,
BLOCKED,pp-deep-markov-model__numbers3__pyro__pyro-svi-autonormal__s1,pp-deep-markov-model,deep_probabilistic,numbers3,digit_categorical,pyro,,,,,,,,,,
BLOCKED,pp-dirichlet-multinomial__numbers3__pymc__pymc-nuts__s1,pp-dirichlet-multinomial,conjugate,numbers3,window_count,pymc,,,,,,,,,,
BLOCKED,pp-dirichlet-process-categorical__numbers3__pymc__pymc-smc__s1,pp-dirichlet-process-categorical,nonparametric,numbers3,digit_categorical,pymc,,,,,,,,,,
PASS,pp-discounted-dirichlet-categorical__numbers3__builtin__analytic__s1,pp-discounted-dirichlet-categorical,conjugate,numbers3,digit_categorical,builtin,ba8ceed24e792421764f15d13a10637be0930df1b3e0a7f3cf55a138ec6b845e,0.06701581099332543,,0.0,3.0,11.0,0.0,0.0,0.8834348378047792,2.2343968610153007
BLOCKED,pp-dp-changepoint__numbers3__numpyro__numpyro-nuts__s1,pp-dp-changepoint,nonparametric,numbers3,digit_categorical,numpyro,,,,,,,,,,
BLOCKED,pp-dynamic-dirichlet-discount__numbers3__pymc__pymc-nuts__s1,pp-dynamic-dirichlet-discount,dynamic_conjugate,numbers3,digit_categorical,pymc,,,,,,,,,,
BLOCKED,pp-dynamic-horseshoe-categorical__numbers3__pymc__pymc-advi-fullrank__s1,pp-dynamic-horseshoe-categorical,state_space,numbers3,digit_categorical,pymc,,,,,,,,,,
BLOCKED,pp-dynamic-model-averaging__numbers3__pymc__pymc-nuts__s1,pp-dynamic-model-averaging,ensemble,numbers3,ensemble,pymc,,,,,,,,,,
BLOCKED,pp-dynamic-regression-categorical__numbers3__pymc__pymc-nuts__s1,pp-dynamic-regression-categorical,state_space,numbers3,digit_categorical,pymc,,,,,,,,,,
BLOCKED,pp-empirical-bayes-dirichlet__numbers3__pymc__pymc-nuts__s1,pp-empirical-bayes-dirichlet,empirical_bayes,numbers3,digit_categorical,pymc,,,,,,,,,,
PASS,pp-expanding-dirichlet-categorical__numbers3__builtin__analytic__s1,pp-expanding-dirichlet-categorical,conjugate,numbers3,digit_categorical,builtin,ba8ceed24e792421764f15d13a10637be0930df1b3e0a7f3cf55a138ec6b845e,0.07716270200035069,,0.3333333333333333,2.6666666666666665,10.0,0.0,0.0,0.8956337710439072,2.4422379516661756
BLOCKED,pp-finite-mixture-categorical__numbers3__pymc__pymc-smc__s1,pp-finite-mixture-categorical,mixture,numbers3,digit_categorical,pymc,,,,,,,,,,
BLOCKED,pp-gaussian-copula-categorical__numbers3__pymc__pymc-nuts__s1,pp-gaussian-copula-categorical,copula,numbers3,joint_discrete_copula,pymc,,,,,,,,,,
BLOCKED,pp-gaussian-process-time-varying-logit__numbers3__pymc__pymc-smc__s1,pp-gaussian-process-time-varying-logit,gaussian_process,numbers3,digit_categorical,pymc,,,,,,,,,,
BLOCKED,pp-gp-categorical__numbers3__pymc__pymc-advi-fullrank__s1,pp-gp-categorical,gaussian_process,numbers3,digit_categorical,pymc,,,,,,,,,,
BLOCKED,pp-hierarchical-dirichlet-digits__numbers3__pymc__pymc-nuts__s1,pp-hierarchical-dirichlet-digits,hierarchical,numbers3,digit_categorical,pymc,,,,,,,,,,
BLOCKED,pp-hierarchical-dirichlet-games__numbers3__pymc__pymc-nuts__s1,pp-hierarchical-dirichlet-games,hierarchical,numbers3,digit_categorical,pymc,,,,,,,,,,
BLOCKED,pp-hierarchical-dirichlet-process__numbers3__numpyro__numpyro-nuts__s1,pp-hierarchical-dirichlet-process,nonparametric,numbers3,digit_categorical,numpyro,,,,,,,,,,
BLOCKED,pp-hmm-categorical__numbers3__pymc__pymc-smc__s1,pp-hmm-categorical,regime_switching,numbers3,digit_categorical,pymc,,,,,,,,,,
BLOCKED,pp-hsmm-categorical__numbers3__numpyro__numpyro-svi-lowrank__s1,pp-hsmm-categorical,regime_switching,numbers3,digit_categorical,numpyro,,,,,,,,,,
BLOCKED,pp-hurdle-count__numbers3__pymc__pymc-advi-fullrank__s1,pp-hurdle-count,count,numbers3,window_count,pymc,,,,,,,,,,
BLOCKED,pp-latent-class-categorical__numbers3__pymc__pymc-smc__s1,pp-latent-class-categorical,mixture,numbers3,digit_categorical,pymc,,,,,,,,,,
BLOCKED,pp-local-level-categorical__numbers3__pymc__pymc-nuts__s1,pp-local-level-categorical,state_space,numbers3,digit_categorical,pymc,,,,,,,,,,
BLOCKED,pp-local-linear-trend-categorical__numbers3__pymc__pymc-nuts__s1,pp-local-linear-trend-categorical,state_space,numbers3,digit_categorical,pymc,,,,,,,,,,
BLOCKED,pp-logistic-normal-random-walk__numbers3__pymc__pymc-nuts__s1,pp-logistic-normal-random-walk,state_space,numbers3,digit_categorical,pymc,,,,,,,,,,
BLOCKED,pp-mixture-of-experts-categorical__numbers3__pymc__pymc-advi-fullrank__s1,pp-mixture-of-experts-categorical,mixture,numbers3,digit_categorical,pymc,,,,,,,,,,
PASS,pp-multinomial-dglm__numbers3__builtin__analytic__s1,pp-multinomial-dglm,state_space,numbers3,dynamic_multinomial,builtin,e27e4a868681990ab3b8c85589a4cb966230e26fa7f3c511451a3ac4daf09dc4,0.08088341199618299,,0.0,3.0,11.0,0.0,0.0,0.9061867512945893,2.2427315143786952
BLOCKED,pp-multinomial-logistic-normal-count__numbers3__pymc__pymc-nuts__s1,pp-multinomial-logistic-normal-count,count,numbers3,window_count,pymc,,,,,,,,,,
BLOCKED,pp-multinomial-logit-horseshoe__numbers3__pymc__pymc-nuts__s1,pp-multinomial-logit-horseshoe,bayesian_regression,numbers3,digit_categorical,pymc,,,,,,,,,,
BLOCKED,pp-multinomial-logit-laplace__numbers3__pymc__pymc-nuts__s1,pp-multinomial-logit-laplace,bayesian_regression,numbers3,digit_categorical,pymc,,,,,,,,,,
BLOCKED,pp-multinomial-logit-normal__numbers3__pymc__pymc-nuts__s1,pp-multinomial-logit-normal,bayesian_regression,numbers3,digit_categorical,pymc,,,,,,,,,,
BLOCKED,pp-multinomial-logit-regularized-horseshoe__numbers3__pymc__pymc-nuts__s1,pp-multinomial-logit-regularized-horseshoe,bayesian_regression,numbers3,digit_categorical,pymc,,,,,,,,,,
BLOCKED,pp-multinomial-probit__numbers3__pymc__pymc-advi-fullrank__s1,pp-multinomial-probit,bayesian_regression,numbers3,digit_categorical,pymc,,,,,,,,,,
BLOCKED,pp-multiple-changepoint-categorical__numbers3__pymc__pymc-smc__s1,pp-multiple-changepoint-categorical,changepoint,numbers3,digit_categorical,pymc,,,,,,,,,,
BLOCKED,pp-negative-binomial-candidate-count__numbers3__pymc__pymc-nuts__s1,pp-negative-binomial-candidate-count,count,numbers3,window_count,pymc,,,,,,,,,,
BLOCKED,pp-neural-hmm__numbers3__pyro__pyro-svi-autonormal__s1,pp-neural-hmm,deep_probabilistic,numbers3,digit_categorical,pyro,,,,,,,,,,
BLOCKED,pp-ordinal-adjacent-category__numbers3__pymc__pymc-nuts__s1,pp-ordinal-adjacent-category,ordinal,numbers3,digit_ordinal,pymc,,,,,,,,,,
BLOCKED,pp-ordinal-continuation-ratio__numbers3__pymc__pymc-nuts__s1,pp-ordinal-continuation-ratio,ordinal,numbers3,digit_ordinal,pymc,,,,,,,,,,
BLOCKED,pp-ordinal-cumulative-logit__numbers3__pymc__pymc-nuts__s1,pp-ordinal-cumulative-logit,ordinal,numbers3,digit_ordinal,pymc,,,,,,,,,,
BLOCKED,pp-poisson-candidate-count__numbers3__pymc__pymc-nuts__s1,pp-poisson-candidate-count,count,numbers3,window_count,pymc,,,,,,,,,,
BLOCKED,pp-poisson-lognormal-count__numbers3__pymc__pymc-advi-fullrank__s1,pp-poisson-lognormal-count,count,numbers3,window_count,pymc,,,,,,,,,,
PASS,pp-posterior-constrained-decoder__numbers3__builtin__analytic__s1,pp-posterior-constrained-decoder,decision,numbers3,decision,builtin,0fff43d5ee99acb445e68345ff158b17d9830d8290524278234c163c18e4b784,0.00403290000394918,,0.3333333333333333,2.6666666666666665,10.0,0.0,0.0,0.8956337710439072,2.4422379516661756
PASS,pp-posterior-utility-hit1-mse__numbers3__builtin__analytic__s1,pp-posterior-utility-hit1-mse,decision,numbers3,decision,builtin,0fff43d5ee99acb445e68345ff158b17d9830d8290524278234c163c18e4b784,0.004016608996607829,,0.6666666666666666,2.3333333333333335,9.0,0.0,0.0,0.8956337710439072,2.4422379516661756
PASS,pp-posterior-utility-hit1__numbers3__builtin__analytic__s1,pp-posterior-utility-hit1,decision,numbers3,decision,builtin,0fff43d5ee99acb445e68345ff158b17d9830d8290524278234c163c18e4b784,0.06389376099832589,,0.6666666666666666,2.6666666666666665,12.666666666666666,0.0,0.0,0.8956337710439072,2.4422379516661756
BLOCKED,pp-psis-loo-stacking__numbers3__arviz__analytic__s1,pp-psis-loo-stacking,ensemble,numbers3,ensemble,arviz,,,,,,,,,,
PASS,pp-rolling-dirichlet-categorical__numbers3__builtin__analytic__s1,pp-rolling-dirichlet-categorical,conjugate,numbers3,digit_categorical,builtin,ba8ceed24e792421764f15d13a10637be0930df1b3e0a7f3cf55a138ec6b845e,0.06860886000504252,,0.0,3.0,11.0,0.0,0.0,0.8482346897827373,1.9973188602484118
BLOCKED,pp-seasonal-harmonic-categorical__numbers3__pymc__pymc-advi-fullrank__s1,pp-seasonal-harmonic-categorical,state_space,numbers3,digit_categorical,pymc,,,,,,,,,,
BLOCKED,pp-single-changepoint-categorical__numbers3__pymc__pymc-smc__s1,pp-single-changepoint-categorical,changepoint,numbers3,digit_categorical,pymc,,,,,,,,,,
PASS,pp-static-dirichlet-categorical__numbers3__builtin__analytic__s1,pp-static-dirichlet-categorical,conjugate,numbers3,digit_categorical,builtin,ba8ceed24e792421764f15d13a10637be0930df1b3e0a7f3cf55a138ec6b845e,0.07831258499936666,,0.3333333333333333,2.6666666666666665,10.0,0.0,0.0,0.8956337710439072,2.4422379516661756
BLOCKED,pp-sticky-hdp-hmm__numbers3__numpyro__numpyro-svi-lowrank__s1,pp-sticky-hdp-hmm,nonparametric,numbers3,digit_categorical,numpyro,,,,,,,,,,
BLOCKED,pp-switching-dynamic-regression__numbers3__numpyro__numpyro-svi-lowrank__s1,pp-switching-dynamic-regression,regime_switching,numbers3,digit_categorical,numpyro,,,,,,,,,,
BLOCKED,pp-switching-logistic-normal__numbers3__numpyro__numpyro-svi-lowrank__s1,pp-switching-logistic-normal,regime_switching,numbers3,digit_categorical,numpyro,,,,,,,,,,
PASS,pp-uniform-dirichlet__numbers3__builtin__analytic__s1,pp-uniform-dirichlet,conjugate,numbers3,digit_categorical,builtin,ba8ceed24e792421764f15d13a10637be0930df1b3e0a7f3cf55a138ec6b845e,0.07968808399891714,,0.6666666666666666,1.3333333333333333,3.3333333333333335,0.3333333333333333,0.0,0.8520732624204328,2.084964833419402
BLOCKED,pp-variational-rnn__numbers3__pyro__pyro-svi-autonormal__s1,pp-variational-rnn,deep_probabilistic,numbers3,digit_categorical,pyro,,,,,,,,,,
BLOCKED,pp-zero-inflated-negative-binomial-count__numbers3__pymc__pymc-advi-fullrank__s1,pp-zero-inflated-negative-binomial-count,count,numbers3,window_count,pymc,,,,,,,,,,
BLOCKED,pp-zero-inflated-poisson-count__numbers3__pymc__pymc-advi-fullrank__s1,pp-zero-inflated-poisson-count,count,numbers3,window_count,pymc,,,,,,,,,,
